/bin/sh: /Users/kushagraverma/frappe/frappe-bench/env/bin/bench: No such file or directory
Backup failed for Site local.client.test. Database or site_config.json may be corrupted
Traceback (most recent call last):
  File "apps/frappe/frappe/commands/site.py", line 818, in backup
    odb = scheduled_backup(
  File "apps/frappe/frappe/utils/backups.py", line 530, in scheduled_backup
    odb = new_backup(
  File "apps/frappe/frappe/utils/backups.py", line 582, in new_backup
    odb.get_backup(older_than, ignore_files, force=force)
  File "apps/frappe/frappe/utils/backups.py", line 190, in get_backup
    self.take_dump()
  File "apps/frappe/frappe/utils/backups.py", line 377, in take_dump
    frappe.throw(
  File "apps/frappe/frappe/__init__.py", line 552, in throw
    msgprint(
  File "apps/frappe/frappe/__init__.py", line 513, in msgprint
    _raise_exception()
  File "apps/frappe/frappe/__init__.py", line 456, in _raise_exception
    raise raise_exception(msg)
frappe.exceptions.ExecutableNotFound: mysqldump not found in PATH! This is required to take a backup.

/bin/sh: /Users/kushagraverma/frappe/frappe-bench/env/bin/bench: No such file or directory
Backup failed for Site local.client.test. Database or site_config.json may be corrupted
Traceback (most recent call last):
  File "apps/frappe/frappe/commands/site.py", line 818, in backup
    odb = scheduled_backup(
  File "apps/frappe/frappe/utils/backups.py", line 530, in scheduled_backup
    odb = new_backup(
  File "apps/frappe/frappe/utils/backups.py", line 582, in new_backup
    odb.get_backup(older_than, ignore_files, force=force)
  File "apps/frappe/frappe/utils/backups.py", line 190, in get_backup
    self.take_dump()
  File "apps/frappe/frappe/utils/backups.py", line 377, in take_dump
    frappe.throw(
  File "apps/frappe/frappe/__init__.py", line 552, in throw
    msgprint(
  File "apps/frappe/frappe/__init__.py", line 513, in msgprint
    _raise_exception()
  File "apps/frappe/frappe/__init__.py", line 456, in _raise_exception
    raise raise_exception(msg)
frappe.exceptions.ExecutableNotFound: mysqldump not found in PATH! This is required to take a backup.

/bin/sh: /Users/kushagraverma/frappe/frappe-bench/env/bin/bench: No such file or directory
Backup failed for Site local.client.test. Database or site_config.json may be corrupted
Traceback (most recent call last):
  File "apps/frappe/frappe/commands/site.py", line 818, in backup
    odb = scheduled_backup(
  File "apps/frappe/frappe/utils/backups.py", line 530, in scheduled_backup
    odb = new_backup(
  File "apps/frappe/frappe/utils/backups.py", line 582, in new_backup
    odb.get_backup(older_than, ignore_files, force=force)
  File "apps/frappe/frappe/utils/backups.py", line 190, in get_backup
    self.take_dump()
  File "apps/frappe/frappe/utils/backups.py", line 377, in take_dump
    frappe.throw(
  File "apps/frappe/frappe/__init__.py", line 552, in throw
    msgprint(
  File "apps/frappe/frappe/__init__.py", line 513, in msgprint
    _raise_exception()
  File "apps/frappe/frappe/__init__.py", line 456, in _raise_exception
    raise raise_exception(msg)
frappe.exceptions.ExecutableNotFound: mysqldump not found in PATH! This is required to take a backup.

/bin/sh: /Users/kushagraverma/frappe/frappe-bench/env/bin/bench: No such file or directory
Backup failed for Site local.client.test. Database or site_config.json may be corrupted
Traceback (most recent call last):
  File "apps/frappe/frappe/commands/site.py", line 818, in backup
    odb = scheduled_backup(
  File "apps/frappe/frappe/utils/backups.py", line 530, in scheduled_backup
    odb = new_backup(
  File "apps/frappe/frappe/utils/backups.py", line 582, in new_backup
    odb.get_backup(older_than, ignore_files, force=force)
  File "apps/frappe/frappe/utils/backups.py", line 190, in get_backup
    self.take_dump()
  File "apps/frappe/frappe/utils/backups.py", line 377, in take_dump
    frappe.throw(
  File "apps/frappe/frappe/__init__.py", line 552, in throw
    msgprint(
  File "apps/frappe/frappe/__init__.py", line 513, in msgprint
    _raise_exception()
  File "apps/frappe/frappe/__init__.py", line 456, in _raise_exception
    raise raise_exception(msg)
frappe.exceptions.ExecutableNotFound: mysqldump not found in PATH! This is required to take a backup.

/bin/sh: /Users/kushagraverma/frappe/frappe-bench/env/bin/bench: No such file or directory
Backup failed for Site local.client.test. Database or site_config.json may be corrupted
Traceback (most recent call last):
  File "apps/frappe/frappe/commands/site.py", line 818, in backup
    odb = scheduled_backup(
  File "apps/frappe/frappe/utils/backups.py", line 530, in scheduled_backup
    odb = new_backup(
  File "apps/frappe/frappe/utils/backups.py", line 582, in new_backup
    odb.get_backup(older_than, ignore_files, force=force)
  File "apps/frappe/frappe/utils/backups.py", line 190, in get_backup
    self.take_dump()
  File "apps/frappe/frappe/utils/backups.py", line 377, in take_dump
    frappe.throw(
  File "apps/frappe/frappe/__init__.py", line 552, in throw
    msgprint(
  File "apps/frappe/frappe/__init__.py", line 513, in msgprint
    _raise_exception()
  File "apps/frappe/frappe/__init__.py", line 456, in _raise_exception
    raise raise_exception(msg)
frappe.exceptions.ExecutableNotFound: mysqldump not found in PATH! This is required to take a backup.

/bin/sh: /Users/kushagraverma/frappe/frappe-bench/env/bin/bench: No such file or directory
Backup failed for Site local.client.test. Database or site_config.json may be corrupted
Traceback (most recent call last):
  File "apps/frappe/frappe/commands/site.py", line 818, in backup
    odb = scheduled_backup(
  File "apps/frappe/frappe/utils/backups.py", line 530, in scheduled_backup
    odb = new_backup(
  File "apps/frappe/frappe/utils/backups.py", line 582, in new_backup
    odb.get_backup(older_than, ignore_files, force=force)
  File "apps/frappe/frappe/utils/backups.py", line 190, in get_backup
    self.take_dump()
  File "apps/frappe/frappe/utils/backups.py", line 377, in take_dump
    frappe.throw(
  File "apps/frappe/frappe/__init__.py", line 552, in throw
    msgprint(
  File "apps/frappe/frappe/__init__.py", line 513, in msgprint
    _raise_exception()
  File "apps/frappe/frappe/__init__.py", line 456, in _raise_exception
    raise raise_exception(msg)
frappe.exceptions.ExecutableNotFound: mysqldump not found in PATH! This is required to take a backup.

/bin/sh: /Users/kushagraverma/frappe/frappe-bench/env/bin/bench: No such file or directory
Backup failed for Site local.client.test. Database or site_config.json may be corrupted
Traceback (most recent call last):
  File "apps/frappe/frappe/commands/site.py", line 818, in backup
    odb = scheduled_backup(
  File "apps/frappe/frappe/utils/backups.py", line 530, in scheduled_backup
    odb = new_backup(
  File "apps/frappe/frappe/utils/backups.py", line 582, in new_backup
    odb.get_backup(older_than, ignore_files, force=force)
  File "apps/frappe/frappe/utils/backups.py", line 190, in get_backup
    self.take_dump()
  File "apps/frappe/frappe/utils/backups.py", line 377, in take_dump
    frappe.throw(
  File "apps/frappe/frappe/__init__.py", line 552, in throw
    msgprint(
  File "apps/frappe/frappe/__init__.py", line 513, in msgprint
    _raise_exception()
  File "apps/frappe/frappe/__init__.py", line 456, in _raise_exception
    raise raise_exception(msg)
frappe.exceptions.ExecutableNotFound: mysqldump not found in PATH! This is required to take a backup.

/bin/sh: /Users/kushagraverma/frappe/frappe-bench/env/bin/bench: No such file or directory
Backup failed for Site local.client.test. Database or site_config.json may be corrupted
Traceback (most recent call last):
  File "apps/frappe/frappe/commands/site.py", line 818, in backup
    odb = scheduled_backup(
  File "apps/frappe/frappe/utils/backups.py", line 530, in scheduled_backup
    odb = new_backup(
  File "apps/frappe/frappe/utils/backups.py", line 582, in new_backup
    odb.get_backup(older_than, ignore_files, force=force)
  File "apps/frappe/frappe/utils/backups.py", line 190, in get_backup
    self.take_dump()
  File "apps/frappe/frappe/utils/backups.py", line 377, in take_dump
    frappe.throw(
  File "apps/frappe/frappe/__init__.py", line 552, in throw
    msgprint(
  File "apps/frappe/frappe/__init__.py", line 513, in msgprint
    _raise_exception()
  File "apps/frappe/frappe/__init__.py", line 456, in _raise_exception
    raise raise_exception(msg)
frappe.exceptions.ExecutableNotFound: mysqldump not found in PATH! This is required to take a backup.

/bin/sh: /Users/kushagraverma/frappe/frappe-bench/env/bin/bench: No such file or directory
Backup failed for Site local.client.test. Database or site_config.json may be corrupted
Traceback (most recent call last):
  File "apps/frappe/frappe/commands/site.py", line 818, in backup
    odb = scheduled_backup(
  File "apps/frappe/frappe/utils/backups.py", line 530, in scheduled_backup
    odb = new_backup(
  File "apps/frappe/frappe/utils/backups.py", line 582, in new_backup
    odb.get_backup(older_than, ignore_files, force=force)
  File "apps/frappe/frappe/utils/backups.py", line 190, in get_backup
    self.take_dump()
  File "apps/frappe/frappe/utils/backups.py", line 377, in take_dump
    frappe.throw(
  File "apps/frappe/frappe/__init__.py", line 552, in throw
    msgprint(
  File "apps/frappe/frappe/__init__.py", line 513, in msgprint
    _raise_exception()
  File "apps/frappe/frappe/__init__.py", line 456, in _raise_exception
    raise raise_exception(msg)
frappe.exceptions.ExecutableNotFound: mysqldump not found in PATH! This is required to take a backup.

/bin/sh: /Users/kushagraverma/frappe/frappe-bench/env/bin/bench: No such file or directory
Backup failed for Site local.client.test. Database or site_config.json may be corrupted
Traceback (most recent call last):
  File "apps/frappe/frappe/commands/site.py", line 818, in backup
    odb = scheduled_backup(
  File "apps/frappe/frappe/utils/backups.py", line 530, in scheduled_backup
    odb = new_backup(
  File "apps/frappe/frappe/utils/backups.py", line 582, in new_backup
    odb.get_backup(older_than, ignore_files, force=force)
  File "apps/frappe/frappe/utils/backups.py", line 190, in get_backup
    self.take_dump()
  File "apps/frappe/frappe/utils/backups.py", line 377, in take_dump
    frappe.throw(
  File "apps/frappe/frappe/__init__.py", line 552, in throw
    msgprint(
  File "apps/frappe/frappe/__init__.py", line 513, in msgprint
    _raise_exception()
  File "apps/frappe/frappe/__init__.py", line 456, in _raise_exception
    raise raise_exception(msg)
frappe.exceptions.ExecutableNotFound: mysqldump not found in PATH! This is required to take a backup.

/bin/sh: /Users/kushagraverma/frappe/frappe-bench/env/bin/bench: No such file or directory
Backup failed for Site local.client.test. Database or site_config.json may be corrupted
Traceback (most recent call last):
  File "apps/frappe/frappe/commands/site.py", line 818, in backup
    odb = scheduled_backup(
  File "apps/frappe/frappe/utils/backups.py", line 530, in scheduled_backup
    odb = new_backup(
  File "apps/frappe/frappe/utils/backups.py", line 582, in new_backup
    odb.get_backup(older_than, ignore_files, force=force)
  File "apps/frappe/frappe/utils/backups.py", line 190, in get_backup
    self.take_dump()
  File "apps/frappe/frappe/utils/backups.py", line 377, in take_dump
    frappe.throw(
  File "apps/frappe/frappe/__init__.py", line 552, in throw
    msgprint(
  File "apps/frappe/frappe/__init__.py", line 513, in msgprint
    _raise_exception()
  File "apps/frappe/frappe/__init__.py", line 456, in _raise_exception
    raise raise_exception(msg)
frappe.exceptions.ExecutableNotFound: mysqldump not found in PATH! This is required to take a backup.

/bin/sh: /Users/kushagraverma/frappe/frappe-bench/env/bin/bench: No such file or directory
Backup failed for Site local.client.test. Database or site_config.json may be corrupted
Traceback (most recent call last):
  File "apps/frappe/frappe/commands/site.py", line 818, in backup
    odb = scheduled_backup(
  File "apps/frappe/frappe/utils/backups.py", line 530, in scheduled_backup
    odb = new_backup(
  File "apps/frappe/frappe/utils/backups.py", line 582, in new_backup
    odb.get_backup(older_than, ignore_files, force=force)
  File "apps/frappe/frappe/utils/backups.py", line 190, in get_backup
    self.take_dump()
  File "apps/frappe/frappe/utils/backups.py", line 377, in take_dump
    frappe.throw(
  File "apps/frappe/frappe/__init__.py", line 552, in throw
    msgprint(
  File "apps/frappe/frappe/__init__.py", line 513, in msgprint
    _raise_exception()
  File "apps/frappe/frappe/__init__.py", line 456, in _raise_exception
    raise raise_exception(msg)
frappe.exceptions.ExecutableNotFound: mysqldump not found in PATH! This is required to take a backup.

/bin/sh: /Users/kushagraverma/frappe/frappe-bench/env/bin/bench: No such file or directory
Backup failed for Site local.client.test. Database or site_config.json may be corrupted
Traceback (most recent call last):
  File "apps/frappe/frappe/commands/site.py", line 818, in backup
    odb = scheduled_backup(
  File "apps/frappe/frappe/utils/backups.py", line 530, in scheduled_backup
    odb = new_backup(
  File "apps/frappe/frappe/utils/backups.py", line 582, in new_backup
    odb.get_backup(older_than, ignore_files, force=force)
  File "apps/frappe/frappe/utils/backups.py", line 190, in get_backup
    self.take_dump()
  File "apps/frappe/frappe/utils/backups.py", line 377, in take_dump
    frappe.throw(
  File "apps/frappe/frappe/__init__.py", line 552, in throw
    msgprint(
  File "apps/frappe/frappe/__init__.py", line 513, in msgprint
    _raise_exception()
  File "apps/frappe/frappe/__init__.py", line 456, in _raise_exception
    raise raise_exception(msg)
frappe.exceptions.ExecutableNotFound: mysqldump not found in PATH! This is required to take a backup.

/bin/sh: /Users/kushagraverma/frappe/frappe-bench/env/bin/bench: No such file or directory
Backup failed for Site local.client.test. Database or site_config.json may be corrupted
Traceback (most recent call last):
  File "apps/frappe/frappe/commands/site.py", line 818, in backup
    odb = scheduled_backup(
  File "apps/frappe/frappe/utils/backups.py", line 530, in scheduled_backup
    odb = new_backup(
  File "apps/frappe/frappe/utils/backups.py", line 582, in new_backup
    odb.get_backup(older_than, ignore_files, force=force)
  File "apps/frappe/frappe/utils/backups.py", line 190, in get_backup
    self.take_dump()
  File "apps/frappe/frappe/utils/backups.py", line 377, in take_dump
    frappe.throw(
  File "apps/frappe/frappe/__init__.py", line 552, in throw
    msgprint(
  File "apps/frappe/frappe/__init__.py", line 513, in msgprint
    _raise_exception()
  File "apps/frappe/frappe/__init__.py", line 456, in _raise_exception
    raise raise_exception(msg)
frappe.exceptions.ExecutableNotFound: mysqldump not found in PATH! This is required to take a backup.

/bin/sh: /Users/kushagraverma/frappe/frappe-bench/env/bin/bench: No such file or directory
Backup failed for Site local.client.test. Database or site_config.json may be corrupted
Traceback (most recent call last):
  File "apps/frappe/frappe/commands/site.py", line 818, in backup
    odb = scheduled_backup(
  File "apps/frappe/frappe/utils/backups.py", line 530, in scheduled_backup
    odb = new_backup(
  File "apps/frappe/frappe/utils/backups.py", line 582, in new_backup
    odb.get_backup(older_than, ignore_files, force=force)
  File "apps/frappe/frappe/utils/backups.py", line 190, in get_backup
    self.take_dump()
  File "apps/frappe/frappe/utils/backups.py", line 377, in take_dump
    frappe.throw(
  File "apps/frappe/frappe/__init__.py", line 552, in throw
    msgprint(
  File "apps/frappe/frappe/__init__.py", line 513, in msgprint
    _raise_exception()
  File "apps/frappe/frappe/__init__.py", line 456, in _raise_exception
    raise raise_exception(msg)
frappe.exceptions.ExecutableNotFound: mysqldump not found in PATH! This is required to take a backup.

/bin/sh: /Users/kushagraverma/frappe/frappe-bench/env/bin/bench: No such file or directory
Backup failed for Site local.client.test. Database or site_config.json may be corrupted
Traceback (most recent call last):
  File "apps/frappe/frappe/commands/site.py", line 818, in backup
    odb = scheduled_backup(
  File "apps/frappe/frappe/utils/backups.py", line 530, in scheduled_backup
    odb = new_backup(
  File "apps/frappe/frappe/utils/backups.py", line 582, in new_backup
    odb.get_backup(older_than, ignore_files, force=force)
  File "apps/frappe/frappe/utils/backups.py", line 190, in get_backup
    self.take_dump()
  File "apps/frappe/frappe/utils/backups.py", line 377, in take_dump
    frappe.throw(
  File "apps/frappe/frappe/__init__.py", line 552, in throw
    msgprint(
  File "apps/frappe/frappe/__init__.py", line 513, in msgprint
    _raise_exception()
  File "apps/frappe/frappe/__init__.py", line 456, in _raise_exception
    raise raise_exception(msg)
frappe.exceptions.ExecutableNotFound: mysqldump not found in PATH! This is required to take a backup.

/bin/sh: /Users/kushagraverma/frappe/frappe-bench/env/bin/bench: No such file or directory
Backup failed for Site local.client.test. Database or site_config.json may be corrupted
Traceback (most recent call last):
  File "apps/frappe/frappe/commands/site.py", line 818, in backup
    odb = scheduled_backup(
  File "apps/frappe/frappe/utils/backups.py", line 530, in scheduled_backup
    odb = new_backup(
  File "apps/frappe/frappe/utils/backups.py", line 582, in new_backup
    odb.get_backup(older_than, ignore_files, force=force)
  File "apps/frappe/frappe/utils/backups.py", line 190, in get_backup
    self.take_dump()
  File "apps/frappe/frappe/utils/backups.py", line 377, in take_dump
    frappe.throw(
  File "apps/frappe/frappe/__init__.py", line 552, in throw
    msgprint(
  File "apps/frappe/frappe/__init__.py", line 513, in msgprint
    _raise_exception()
  File "apps/frappe/frappe/__init__.py", line 456, in _raise_exception
    raise raise_exception(msg)
frappe.exceptions.ExecutableNotFound: mysqldump not found in PATH! This is required to take a backup.

/bin/sh: /Users/kushagraverma/frappe/frappe-bench/env/bin/bench: No such file or directory
Backup failed for Site local.client.test. Database or site_config.json may be corrupted
Traceback (most recent call last):
  File "apps/frappe/frappe/commands/site.py", line 818, in backup
    odb = scheduled_backup(
  File "apps/frappe/frappe/utils/backups.py", line 530, in scheduled_backup
    odb = new_backup(
  File "apps/frappe/frappe/utils/backups.py", line 582, in new_backup
    odb.get_backup(older_than, ignore_files, force=force)
  File "apps/frappe/frappe/utils/backups.py", line 190, in get_backup
    self.take_dump()
  File "apps/frappe/frappe/utils/backups.py", line 377, in take_dump
    frappe.throw(
  File "apps/frappe/frappe/__init__.py", line 552, in throw
    msgprint(
  File "apps/frappe/frappe/__init__.py", line 513, in msgprint
    _raise_exception()
  File "apps/frappe/frappe/__init__.py", line 456, in _raise_exception
    raise raise_exception(msg)
frappe.exceptions.ExecutableNotFound: mysqldump not found in PATH! This is required to take a backup.

/bin/sh: /Users/kushagraverma/frappe/frappe-bench/env/bin/bench: No such file or directory
Backup failed for Site local.client.test. Database or site_config.json may be corrupted
Traceback (most recent call last):
  File "apps/frappe/frappe/commands/site.py", line 818, in backup
    odb = scheduled_backup(
  File "apps/frappe/frappe/utils/backups.py", line 530, in scheduled_backup
    odb = new_backup(
  File "apps/frappe/frappe/utils/backups.py", line 582, in new_backup
    odb.get_backup(older_than, ignore_files, force=force)
  File "apps/frappe/frappe/utils/backups.py", line 190, in get_backup
    self.take_dump()
  File "apps/frappe/frappe/utils/backups.py", line 377, in take_dump
    frappe.throw(
  File "apps/frappe/frappe/__init__.py", line 552, in throw
    msgprint(
  File "apps/frappe/frappe/__init__.py", line 513, in msgprint
    _raise_exception()
  File "apps/frappe/frappe/__init__.py", line 456, in _raise_exception
    raise raise_exception(msg)
frappe.exceptions.ExecutableNotFound: mysqldump not found in PATH! This is required to take a backup.

/bin/sh: /Users/kushagraverma/frappe/frappe-bench/env/bin/bench: No such file or directory
Backup failed for Site local.client.test. Database or site_config.json may be corrupted
Traceback (most recent call last):
  File "apps/frappe/frappe/commands/site.py", line 818, in backup
    odb = scheduled_backup(
  File "apps/frappe/frappe/utils/backups.py", line 530, in scheduled_backup
    odb = new_backup(
  File "apps/frappe/frappe/utils/backups.py", line 582, in new_backup
    odb.get_backup(older_than, ignore_files, force=force)
  File "apps/frappe/frappe/utils/backups.py", line 190, in get_backup
    self.take_dump()
  File "apps/frappe/frappe/utils/backups.py", line 377, in take_dump
    frappe.throw(
  File "apps/frappe/frappe/__init__.py", line 552, in throw
    msgprint(
  File "apps/frappe/frappe/__init__.py", line 513, in msgprint
    _raise_exception()
  File "apps/frappe/frappe/__init__.py", line 456, in _raise_exception
    raise raise_exception(msg)
frappe.exceptions.ExecutableNotFound: mysqldump not found in PATH! This is required to take a backup.

/bin/sh: /Users/kushagraverma/frappe/frappe-bench/env/bin/bench: No such file or directory
Backup failed for Site local.client.test. Database or site_config.json may be corrupted
Traceback (most recent call last):
  File "apps/frappe/frappe/commands/site.py", line 818, in backup
    odb = scheduled_backup(
  File "apps/frappe/frappe/utils/backups.py", line 530, in scheduled_backup
    odb = new_backup(
  File "apps/frappe/frappe/utils/backups.py", line 582, in new_backup
    odb.get_backup(older_than, ignore_files, force=force)
  File "apps/frappe/frappe/utils/backups.py", line 190, in get_backup
    self.take_dump()
  File "apps/frappe/frappe/utils/backups.py", line 377, in take_dump
    frappe.throw(
  File "apps/frappe/frappe/__init__.py", line 552, in throw
    msgprint(
  File "apps/frappe/frappe/__init__.py", line 513, in msgprint
    _raise_exception()
  File "apps/frappe/frappe/__init__.py", line 456, in _raise_exception
    raise raise_exception(msg)
frappe.exceptions.ExecutableNotFound: mysqldump not found in PATH! This is required to take a backup.

/bin/sh: /Users/kushagraverma/frappe/frappe-bench/env/bin/bench: No such file or directory
Backup failed for Site local.client.test. Database or site_config.json may be corrupted
Traceback (most recent call last):
  File "apps/frappe/frappe/commands/site.py", line 818, in backup
    odb = scheduled_backup(
  File "apps/frappe/frappe/utils/backups.py", line 530, in scheduled_backup
    odb = new_backup(
  File "apps/frappe/frappe/utils/backups.py", line 582, in new_backup
    odb.get_backup(older_than, ignore_files, force=force)
  File "apps/frappe/frappe/utils/backups.py", line 190, in get_backup
    self.take_dump()
  File "apps/frappe/frappe/utils/backups.py", line 377, in take_dump
    frappe.throw(
  File "apps/frappe/frappe/__init__.py", line 552, in throw
    msgprint(
  File "apps/frappe/frappe/__init__.py", line 513, in msgprint
    _raise_exception()
  File "apps/frappe/frappe/__init__.py", line 456, in _raise_exception
    raise raise_exception(msg)
frappe.exceptions.ExecutableNotFound: mysqldump not found in PATH! This is required to take a backup.

/bin/sh: /Users/kushagraverma/frappe/frappe-bench/env/bin/bench: No such file or directory
Backup failed for Site local.client.test. Database or site_config.json may be corrupted
Traceback (most recent call last):
  File "apps/frappe/frappe/commands/site.py", line 818, in backup
    odb = scheduled_backup(
  File "apps/frappe/frappe/utils/backups.py", line 530, in scheduled_backup
    odb = new_backup(
  File "apps/frappe/frappe/utils/backups.py", line 582, in new_backup
    odb.get_backup(older_than, ignore_files, force=force)
  File "apps/frappe/frappe/utils/backups.py", line 190, in get_backup
    self.take_dump()
  File "apps/frappe/frappe/utils/backups.py", line 377, in take_dump
    frappe.throw(
  File "apps/frappe/frappe/__init__.py", line 552, in throw
    msgprint(
  File "apps/frappe/frappe/__init__.py", line 513, in msgprint
    _raise_exception()
  File "apps/frappe/frappe/__init__.py", line 456, in _raise_exception
    raise raise_exception(msg)
frappe.exceptions.ExecutableNotFound: mysqldump not found in PATH! This is required to take a backup.

/bin/sh: /Users/kushagraverma/frappe/frappe-bench/env/bin/bench: No such file or directory
Backup failed for Site local.client.test. Database or site_config.json may be corrupted
Traceback (most recent call last):
  File "apps/frappe/frappe/commands/site.py", line 818, in backup
    odb = scheduled_backup(
  File "apps/frappe/frappe/utils/backups.py", line 530, in scheduled_backup
    odb = new_backup(
  File "apps/frappe/frappe/utils/backups.py", line 582, in new_backup
    odb.get_backup(older_than, ignore_files, force=force)
  File "apps/frappe/frappe/utils/backups.py", line 190, in get_backup
    self.take_dump()
  File "apps/frappe/frappe/utils/backups.py", line 377, in take_dump
    frappe.throw(
  File "apps/frappe/frappe/__init__.py", line 552, in throw
    msgprint(
  File "apps/frappe/frappe/__init__.py", line 513, in msgprint
    _raise_exception()
  File "apps/frappe/frappe/__init__.py", line 456, in _raise_exception
    raise raise_exception(msg)
frappe.exceptions.ExecutableNotFound: mysqldump not found in PATH! This is required to take a backup.

/bin/sh: /Users/kushagraverma/frappe/frappe-bench/env/bin/bench: No such file or directory
Backup failed for Site local.client.test. Database or site_config.json may be corrupted
Traceback (most recent call last):
  File "apps/frappe/frappe/commands/site.py", line 818, in backup
    odb = scheduled_backup(
  File "apps/frappe/frappe/utils/backups.py", line 530, in scheduled_backup
    odb = new_backup(
  File "apps/frappe/frappe/utils/backups.py", line 582, in new_backup
    odb.get_backup(older_than, ignore_files, force=force)
  File "apps/frappe/frappe/utils/backups.py", line 190, in get_backup
    self.take_dump()
  File "apps/frappe/frappe/utils/backups.py", line 377, in take_dump
    frappe.throw(
  File "apps/frappe/frappe/__init__.py", line 552, in throw
    msgprint(
  File "apps/frappe/frappe/__init__.py", line 513, in msgprint
    _raise_exception()
  File "apps/frappe/frappe/__init__.py", line 456, in _raise_exception
    raise raise_exception(msg)
frappe.exceptions.ExecutableNotFound: mysqldump not found in PATH! This is required to take a backup.

/bin/sh: /Users/kushagraverma/frappe/frappe-bench/env/bin/bench: No such file or directory
Backup failed for Site local.client.test. Database or site_config.json may be corrupted
Traceback (most recent call last):
  File "apps/frappe/frappe/commands/site.py", line 818, in backup
    odb = scheduled_backup(
  File "apps/frappe/frappe/utils/backups.py", line 530, in scheduled_backup
    odb = new_backup(
  File "apps/frappe/frappe/utils/backups.py", line 582, in new_backup
    odb.get_backup(older_than, ignore_files, force=force)
  File "apps/frappe/frappe/utils/backups.py", line 190, in get_backup
    self.take_dump()
  File "apps/frappe/frappe/utils/backups.py", line 377, in take_dump
    frappe.throw(
  File "apps/frappe/frappe/__init__.py", line 552, in throw
    msgprint(
  File "apps/frappe/frappe/__init__.py", line 513, in msgprint
    _raise_exception()
  File "apps/frappe/frappe/__init__.py", line 456, in _raise_exception
    raise raise_exception(msg)
frappe.exceptions.ExecutableNotFound: mysqldump not found in PATH! This is required to take a backup.

/bin/sh: /Users/kushagraverma/frappe/frappe-bench/env/bin/bench: No such file or directory
Backup failed for Site local.client.test. Database or site_config.json may be corrupted
Traceback (most recent call last):
  File "apps/frappe/frappe/commands/site.py", line 818, in backup
    odb = scheduled_backup(
  File "apps/frappe/frappe/utils/backups.py", line 530, in scheduled_backup
    odb = new_backup(
  File "apps/frappe/frappe/utils/backups.py", line 582, in new_backup
    odb.get_backup(older_than, ignore_files, force=force)
  File "apps/frappe/frappe/utils/backups.py", line 190, in get_backup
    self.take_dump()
  File "apps/frappe/frappe/utils/backups.py", line 377, in take_dump
    frappe.throw(
  File "apps/frappe/frappe/__init__.py", line 552, in throw
    msgprint(
  File "apps/frappe/frappe/__init__.py", line 513, in msgprint
    _raise_exception()
  File "apps/frappe/frappe/__init__.py", line 456, in _raise_exception
    raise raise_exception(msg)
frappe.exceptions.ExecutableNotFound: mysqldump not found in PATH! This is required to take a backup.

/bin/sh: /Users/kushagraverma/frappe/frappe-bench/env/bin/bench: No such file or directory
Backup failed for Site local.client.test. Database or site_config.json may be corrupted
Traceback (most recent call last):
  File "apps/frappe/frappe/commands/site.py", line 818, in backup
    odb = scheduled_backup(
  File "apps/frappe/frappe/utils/backups.py", line 530, in scheduled_backup
    odb = new_backup(
  File "apps/frappe/frappe/utils/backups.py", line 582, in new_backup
    odb.get_backup(older_than, ignore_files, force=force)
  File "apps/frappe/frappe/utils/backups.py", line 190, in get_backup
    self.take_dump()
  File "apps/frappe/frappe/utils/backups.py", line 377, in take_dump
    frappe.throw(
  File "apps/frappe/frappe/__init__.py", line 552, in throw
    msgprint(
  File "apps/frappe/frappe/__init__.py", line 513, in msgprint
    _raise_exception()
  File "apps/frappe/frappe/__init__.py", line 456, in _raise_exception
    raise raise_exception(msg)
frappe.exceptions.ExecutableNotFound: mysqldump not found in PATH! This is required to take a backup.

/bin/sh: /Users/kushagraverma/frappe/frappe-bench/env/bin/bench: No such file or directory
Backup failed for Site local.client.test. Database or site_config.json may be corrupted
Traceback (most recent call last):
  File "apps/frappe/frappe/commands/site.py", line 818, in backup
    odb = scheduled_backup(
  File "apps/frappe/frappe/utils/backups.py", line 530, in scheduled_backup
    odb = new_backup(
  File "apps/frappe/frappe/utils/backups.py", line 582, in new_backup
    odb.get_backup(older_than, ignore_files, force=force)
  File "apps/frappe/frappe/utils/backups.py", line 190, in get_backup
    self.take_dump()
  File "apps/frappe/frappe/utils/backups.py", line 377, in take_dump
    frappe.throw(
  File "apps/frappe/frappe/__init__.py", line 552, in throw
    msgprint(
  File "apps/frappe/frappe/__init__.py", line 513, in msgprint
    _raise_exception()
  File "apps/frappe/frappe/__init__.py", line 456, in _raise_exception
    raise raise_exception(msg)
frappe.exceptions.ExecutableNotFound: mysqldump not found in PATH! This is required to take a backup.

/bin/sh: /Users/kushagraverma/frappe/frappe-bench/env/bin/bench: No such file or directory
Backup failed for Site local.client.test. Database or site_config.json may be corrupted
Traceback (most recent call last):
  File "apps/frappe/frappe/commands/site.py", line 818, in backup
    odb = scheduled_backup(
  File "apps/frappe/frappe/utils/backups.py", line 530, in scheduled_backup
    odb = new_backup(
  File "apps/frappe/frappe/utils/backups.py", line 582, in new_backup
    odb.get_backup(older_than, ignore_files, force=force)
  File "apps/frappe/frappe/utils/backups.py", line 190, in get_backup
    self.take_dump()
  File "apps/frappe/frappe/utils/backups.py", line 377, in take_dump
    frappe.throw(
  File "apps/frappe/frappe/__init__.py", line 552, in throw
    msgprint(
  File "apps/frappe/frappe/__init__.py", line 513, in msgprint
    _raise_exception()
  File "apps/frappe/frappe/__init__.py", line 456, in _raise_exception
    raise raise_exception(msg)
frappe.exceptions.ExecutableNotFound: mysqldump not found in PATH! This is required to take a backup.

/bin/sh: /Users/kushagraverma/frappe/frappe-bench/env/bin/bench: No such file or directory
Backup failed for Site local.client.test. Database or site_config.json may be corrupted
Traceback (most recent call last):
  File "apps/frappe/frappe/commands/site.py", line 818, in backup
    odb = scheduled_backup(
  File "apps/frappe/frappe/utils/backups.py", line 530, in scheduled_backup
    odb = new_backup(
  File "apps/frappe/frappe/utils/backups.py", line 582, in new_backup
    odb.get_backup(older_than, ignore_files, force=force)
  File "apps/frappe/frappe/utils/backups.py", line 190, in get_backup
    self.take_dump()
  File "apps/frappe/frappe/utils/backups.py", line 377, in take_dump
    frappe.throw(
  File "apps/frappe/frappe/__init__.py", line 552, in throw
    msgprint(
  File "apps/frappe/frappe/__init__.py", line 513, in msgprint
    _raise_exception()
  File "apps/frappe/frappe/__init__.py", line 456, in _raise_exception
    raise raise_exception(msg)
frappe.exceptions.ExecutableNotFound: mysqldump not found in PATH! This is required to take a backup.

/bin/sh: /Users/kushagraverma/frappe/frappe-bench/env/bin/bench: No such file or directory
Backup failed for Site local.client.test. Database or site_config.json may be corrupted
Traceback (most recent call last):
  File "apps/frappe/frappe/commands/site.py", line 818, in backup
    odb = scheduled_backup(
  File "apps/frappe/frappe/utils/backups.py", line 530, in scheduled_backup
    odb = new_backup(
  File "apps/frappe/frappe/utils/backups.py", line 582, in new_backup
    odb.get_backup(older_than, ignore_files, force=force)
  File "apps/frappe/frappe/utils/backups.py", line 190, in get_backup
    self.take_dump()
  File "apps/frappe/frappe/utils/backups.py", line 377, in take_dump
    frappe.throw(
  File "apps/frappe/frappe/__init__.py", line 552, in throw
    msgprint(
  File "apps/frappe/frappe/__init__.py", line 513, in msgprint
    _raise_exception()
  File "apps/frappe/frappe/__init__.py", line 456, in _raise_exception
    raise raise_exception(msg)
frappe.exceptions.ExecutableNotFound: mysqldump not found in PATH! This is required to take a backup.

/bin/sh: /Users/kushagraverma/frappe/frappe-bench/env/bin/bench: No such file or directory
Backup failed for Site local.client.test. Database or site_config.json may be corrupted
Traceback (most recent call last):
  File "apps/frappe/frappe/commands/site.py", line 818, in backup
    odb = scheduled_backup(
  File "apps/frappe/frappe/utils/backups.py", line 530, in scheduled_backup
    odb = new_backup(
  File "apps/frappe/frappe/utils/backups.py", line 582, in new_backup
    odb.get_backup(older_than, ignore_files, force=force)
  File "apps/frappe/frappe/utils/backups.py", line 190, in get_backup
    self.take_dump()
  File "apps/frappe/frappe/utils/backups.py", line 377, in take_dump
    frappe.throw(
  File "apps/frappe/frappe/__init__.py", line 552, in throw
    msgprint(
  File "apps/frappe/frappe/__init__.py", line 513, in msgprint
    _raise_exception()
  File "apps/frappe/frappe/__init__.py", line 456, in _raise_exception
    raise raise_exception(msg)
frappe.exceptions.ExecutableNotFound: mysqldump not found in PATH! This is required to take a backup.

/bin/sh: /Users/kushagraverma/frappe/frappe-bench/env/bin/bench: No such file or directory
Backup failed for Site local.client.test. Database or site_config.json may be corrupted
Traceback (most recent call last):
  File "apps/frappe/frappe/commands/site.py", line 818, in backup
    odb = scheduled_backup(
  File "apps/frappe/frappe/utils/backups.py", line 530, in scheduled_backup
    odb = new_backup(
  File "apps/frappe/frappe/utils/backups.py", line 582, in new_backup
    odb.get_backup(older_than, ignore_files, force=force)
  File "apps/frappe/frappe/utils/backups.py", line 190, in get_backup
    self.take_dump()
  File "apps/frappe/frappe/utils/backups.py", line 377, in take_dump
    frappe.throw(
  File "apps/frappe/frappe/__init__.py", line 552, in throw
    msgprint(
  File "apps/frappe/frappe/__init__.py", line 513, in msgprint
    _raise_exception()
  File "apps/frappe/frappe/__init__.py", line 456, in _raise_exception
    raise raise_exception(msg)
frappe.exceptions.ExecutableNotFound: mysqldump not found in PATH! This is required to take a backup.

/bin/sh: /Users/kushagraverma/frappe/frappe-bench/env/bin/bench: No such file or directory
Backup failed for Site local.client.test. Database or site_config.json may be corrupted
Traceback (most recent call last):
  File "apps/frappe/frappe/commands/site.py", line 818, in backup
    odb = scheduled_backup(
  File "apps/frappe/frappe/utils/backups.py", line 530, in scheduled_backup
    odb = new_backup(
  File "apps/frappe/frappe/utils/backups.py", line 582, in new_backup
    odb.get_backup(older_than, ignore_files, force=force)
  File "apps/frappe/frappe/utils/backups.py", line 190, in get_backup
    self.take_dump()
  File "apps/frappe/frappe/utils/backups.py", line 377, in take_dump
    frappe.throw(
  File "apps/frappe/frappe/__init__.py", line 552, in throw
    msgprint(
  File "apps/frappe/frappe/__init__.py", line 513, in msgprint
    _raise_exception()
  File "apps/frappe/frappe/__init__.py", line 456, in _raise_exception
    raise raise_exception(msg)
frappe.exceptions.ExecutableNotFound: mysqldump not found in PATH! This is required to take a backup.

/bin/sh: /Users/kushagraverma/frappe/frappe-bench/env/bin/bench: No such file or directory
Backup failed for Site local.client.test. Database or site_config.json may be corrupted
Traceback (most recent call last):
  File "apps/frappe/frappe/commands/site.py", line 818, in backup
    odb = scheduled_backup(
  File "apps/frappe/frappe/utils/backups.py", line 530, in scheduled_backup
    odb = new_backup(
  File "apps/frappe/frappe/utils/backups.py", line 582, in new_backup
    odb.get_backup(older_than, ignore_files, force=force)
  File "apps/frappe/frappe/utils/backups.py", line 190, in get_backup
    self.take_dump()
  File "apps/frappe/frappe/utils/backups.py", line 377, in take_dump
    frappe.throw(
  File "apps/frappe/frappe/__init__.py", line 552, in throw
    msgprint(
  File "apps/frappe/frappe/__init__.py", line 513, in msgprint
    _raise_exception()
  File "apps/frappe/frappe/__init__.py", line 456, in _raise_exception
    raise raise_exception(msg)
frappe.exceptions.ExecutableNotFound: mysqldump not found in PATH! This is required to take a backup.

/bin/sh: /Users/kushagraverma/frappe/frappe-bench/env/bin/bench: No such file or directory
Backup failed for Site local.client.test. Database or site_config.json may be corrupted
Traceback (most recent call last):
  File "apps/frappe/frappe/commands/site.py", line 818, in backup
    odb = scheduled_backup(
  File "apps/frappe/frappe/utils/backups.py", line 530, in scheduled_backup
    odb = new_backup(
  File "apps/frappe/frappe/utils/backups.py", line 582, in new_backup
    odb.get_backup(older_than, ignore_files, force=force)
  File "apps/frappe/frappe/utils/backups.py", line 190, in get_backup
    self.take_dump()
  File "apps/frappe/frappe/utils/backups.py", line 377, in take_dump
    frappe.throw(
  File "apps/frappe/frappe/__init__.py", line 552, in throw
    msgprint(
  File "apps/frappe/frappe/__init__.py", line 513, in msgprint
    _raise_exception()
  File "apps/frappe/frappe/__init__.py", line 456, in _raise_exception
    raise raise_exception(msg)
frappe.exceptions.ExecutableNotFound: mysqldump not found in PATH! This is required to take a backup.

/bin/sh: /Users/kushagraverma/frappe/frappe-bench/env/bin/bench: No such file or directory
Backup failed for Site local.client.test. Database or site_config.json may be corrupted
Traceback (most recent call last):
  File "apps/frappe/frappe/commands/site.py", line 818, in backup
    odb = scheduled_backup(
  File "apps/frappe/frappe/utils/backups.py", line 530, in scheduled_backup
    odb = new_backup(
  File "apps/frappe/frappe/utils/backups.py", line 582, in new_backup
    odb.get_backup(older_than, ignore_files, force=force)
  File "apps/frappe/frappe/utils/backups.py", line 190, in get_backup
    self.take_dump()
  File "apps/frappe/frappe/utils/backups.py", line 377, in take_dump
    frappe.throw(
  File "apps/frappe/frappe/__init__.py", line 552, in throw
    msgprint(
  File "apps/frappe/frappe/__init__.py", line 513, in msgprint
    _raise_exception()
  File "apps/frappe/frappe/__init__.py", line 456, in _raise_exception
    raise raise_exception(msg)
frappe.exceptions.ExecutableNotFound: mysqldump not found in PATH! This is required to take a backup.

/bin/sh: /Users/kushagraverma/frappe/frappe-bench/env/bin/bench: No such file or directory
Backup failed for Site local.client.test. Database or site_config.json may be corrupted
Traceback (most recent call last):
  File "apps/frappe/frappe/commands/site.py", line 818, in backup
    odb = scheduled_backup(
  File "apps/frappe/frappe/utils/backups.py", line 530, in scheduled_backup
    odb = new_backup(
  File "apps/frappe/frappe/utils/backups.py", line 582, in new_backup
    odb.get_backup(older_than, ignore_files, force=force)
  File "apps/frappe/frappe/utils/backups.py", line 190, in get_backup
    self.take_dump()
  File "apps/frappe/frappe/utils/backups.py", line 377, in take_dump
    frappe.throw(
  File "apps/frappe/frappe/__init__.py", line 552, in throw
    msgprint(
  File "apps/frappe/frappe/__init__.py", line 513, in msgprint
    _raise_exception()
  File "apps/frappe/frappe/__init__.py", line 456, in _raise_exception
    raise raise_exception(msg)
frappe.exceptions.ExecutableNotFound: mysqldump not found in PATH! This is required to take a backup.

/bin/sh: /Users/kushagraverma/frappe/frappe-bench/env/bin/bench: No such file or directory
Backup failed for Site local.client.test. Database or site_config.json may be corrupted
Traceback (most recent call last):
  File "apps/frappe/frappe/commands/site.py", line 818, in backup
    odb = scheduled_backup(
  File "apps/frappe/frappe/utils/backups.py", line 530, in scheduled_backup
    odb = new_backup(
  File "apps/frappe/frappe/utils/backups.py", line 582, in new_backup
    odb.get_backup(older_than, ignore_files, force=force)
  File "apps/frappe/frappe/utils/backups.py", line 190, in get_backup
    self.take_dump()
  File "apps/frappe/frappe/utils/backups.py", line 377, in take_dump
    frappe.throw(
  File "apps/frappe/frappe/__init__.py", line 552, in throw
    msgprint(
  File "apps/frappe/frappe/__init__.py", line 513, in msgprint
    _raise_exception()
  File "apps/frappe/frappe/__init__.py", line 456, in _raise_exception
    raise raise_exception(msg)
frappe.exceptions.ExecutableNotFound: mysqldump not found in PATH! This is required to take a backup.

/bin/sh: /Users/kushagraverma/frappe/frappe-bench/env/bin/bench: No such file or directory
Backup failed for Site local.client.test. Database or site_config.json may be corrupted
Traceback (most recent call last):
  File "apps/frappe/frappe/commands/site.py", line 818, in backup
    odb = scheduled_backup(
  File "apps/frappe/frappe/utils/backups.py", line 530, in scheduled_backup
    odb = new_backup(
  File "apps/frappe/frappe/utils/backups.py", line 582, in new_backup
    odb.get_backup(older_than, ignore_files, force=force)
  File "apps/frappe/frappe/utils/backups.py", line 190, in get_backup
    self.take_dump()
  File "apps/frappe/frappe/utils/backups.py", line 377, in take_dump
    frappe.throw(
  File "apps/frappe/frappe/__init__.py", line 552, in throw
    msgprint(
  File "apps/frappe/frappe/__init__.py", line 513, in msgprint
    _raise_exception()
  File "apps/frappe/frappe/__init__.py", line 456, in _raise_exception
    raise raise_exception(msg)
frappe.exceptions.ExecutableNotFound: mysqldump not found in PATH! This is required to take a backup.

/bin/sh: /Users/kushagraverma/frappe/frappe-bench/env/bin/bench: No such file or directory
Backup failed for Site local.client.test. Database or site_config.json may be corrupted
Traceback (most recent call last):
  File "apps/frappe/frappe/commands/site.py", line 818, in backup
    odb = scheduled_backup(
  File "apps/frappe/frappe/utils/backups.py", line 530, in scheduled_backup
    odb = new_backup(
  File "apps/frappe/frappe/utils/backups.py", line 582, in new_backup
    odb.get_backup(older_than, ignore_files, force=force)
  File "apps/frappe/frappe/utils/backups.py", line 190, in get_backup
    self.take_dump()
  File "apps/frappe/frappe/utils/backups.py", line 377, in take_dump
    frappe.throw(
  File "apps/frappe/frappe/__init__.py", line 552, in throw
    msgprint(
  File "apps/frappe/frappe/__init__.py", line 513, in msgprint
    _raise_exception()
  File "apps/frappe/frappe/__init__.py", line 456, in _raise_exception
    raise raise_exception(msg)
frappe.exceptions.ExecutableNotFound: mysqldump not found in PATH! This is required to take a backup.

/bin/sh: /Users/kushagraverma/frappe/frappe-bench/env/bin/bench: No such file or directory
Backup failed for Site local.client.test. Database or site_config.json may be corrupted
Traceback (most recent call last):
  File "apps/frappe/frappe/commands/site.py", line 818, in backup
    odb = scheduled_backup(
  File "apps/frappe/frappe/utils/backups.py", line 530, in scheduled_backup
    odb = new_backup(
  File "apps/frappe/frappe/utils/backups.py", line 582, in new_backup
    odb.get_backup(older_than, ignore_files, force=force)
  File "apps/frappe/frappe/utils/backups.py", line 190, in get_backup
    self.take_dump()
  File "apps/frappe/frappe/utils/backups.py", line 377, in take_dump
    frappe.throw(
  File "apps/frappe/frappe/__init__.py", line 552, in throw
    msgprint(
  File "apps/frappe/frappe/__init__.py", line 513, in msgprint
    _raise_exception()
  File "apps/frappe/frappe/__init__.py", line 456, in _raise_exception
    raise raise_exception(msg)
frappe.exceptions.ExecutableNotFound: mysqldump not found in PATH! This is required to take a backup.

/bin/sh: /Users/kushagraverma/frappe/frappe-bench/env/bin/bench: No such file or directory
Backup failed for Site local.client.test. Database or site_config.json may be corrupted
Traceback (most recent call last):
  File "apps/frappe/frappe/commands/site.py", line 818, in backup
    odb = scheduled_backup(
  File "apps/frappe/frappe/utils/backups.py", line 530, in scheduled_backup
    odb = new_backup(
  File "apps/frappe/frappe/utils/backups.py", line 582, in new_backup
    odb.get_backup(older_than, ignore_files, force=force)
  File "apps/frappe/frappe/utils/backups.py", line 190, in get_backup
    self.take_dump()
  File "apps/frappe/frappe/utils/backups.py", line 377, in take_dump
    frappe.throw(
  File "apps/frappe/frappe/__init__.py", line 552, in throw
    msgprint(
  File "apps/frappe/frappe/__init__.py", line 513, in msgprint
    _raise_exception()
  File "apps/frappe/frappe/__init__.py", line 456, in _raise_exception
    raise raise_exception(msg)
frappe.exceptions.ExecutableNotFound: mysqldump not found in PATH! This is required to take a backup.

/bin/sh: /Users/kushagraverma/frappe/frappe-bench/env/bin/bench: No such file or directory
Backup failed for Site local.client.test. Database or site_config.json may be corrupted
Traceback (most recent call last):
  File "apps/frappe/frappe/commands/site.py", line 818, in backup
    odb = scheduled_backup(
  File "apps/frappe/frappe/utils/backups.py", line 530, in scheduled_backup
    odb = new_backup(
  File "apps/frappe/frappe/utils/backups.py", line 582, in new_backup
    odb.get_backup(older_than, ignore_files, force=force)
  File "apps/frappe/frappe/utils/backups.py", line 190, in get_backup
    self.take_dump()
  File "apps/frappe/frappe/utils/backups.py", line 377, in take_dump
    frappe.throw(
  File "apps/frappe/frappe/__init__.py", line 552, in throw
    msgprint(
  File "apps/frappe/frappe/__init__.py", line 513, in msgprint
    _raise_exception()
  File "apps/frappe/frappe/__init__.py", line 456, in _raise_exception
    raise raise_exception(msg)
frappe.exceptions.ExecutableNotFound: mysqldump not found in PATH! This is required to take a backup.

/bin/sh: /Users/kushagraverma/frappe/frappe-bench/env/bin/bench: No such file or directory
Backup failed for Site local.client.test. Database or site_config.json may be corrupted
Traceback (most recent call last):
  File "apps/frappe/frappe/commands/site.py", line 818, in backup
    odb = scheduled_backup(
  File "apps/frappe/frappe/utils/backups.py", line 530, in scheduled_backup
    odb = new_backup(
  File "apps/frappe/frappe/utils/backups.py", line 582, in new_backup
    odb.get_backup(older_than, ignore_files, force=force)
  File "apps/frappe/frappe/utils/backups.py", line 190, in get_backup
    self.take_dump()
  File "apps/frappe/frappe/utils/backups.py", line 377, in take_dump
    frappe.throw(
  File "apps/frappe/frappe/__init__.py", line 552, in throw
    msgprint(
  File "apps/frappe/frappe/__init__.py", line 513, in msgprint
    _raise_exception()
  File "apps/frappe/frappe/__init__.py", line 456, in _raise_exception
    raise raise_exception(msg)
frappe.exceptions.ExecutableNotFound: mysqldump not found in PATH! This is required to take a backup.

/bin/sh: /Users/kushagraverma/frappe/frappe-bench/env/bin/bench: No such file or directory
Backup failed for Site local.client.test. Database or site_config.json may be corrupted
Traceback (most recent call last):
  File "apps/frappe/frappe/commands/site.py", line 818, in backup
    odb = scheduled_backup(
  File "apps/frappe/frappe/utils/backups.py", line 530, in scheduled_backup
    odb = new_backup(
  File "apps/frappe/frappe/utils/backups.py", line 582, in new_backup
    odb.get_backup(older_than, ignore_files, force=force)
  File "apps/frappe/frappe/utils/backups.py", line 190, in get_backup
    self.take_dump()
  File "apps/frappe/frappe/utils/backups.py", line 377, in take_dump
    frappe.throw(
  File "apps/frappe/frappe/__init__.py", line 552, in throw
    msgprint(
  File "apps/frappe/frappe/__init__.py", line 513, in msgprint
    _raise_exception()
  File "apps/frappe/frappe/__init__.py", line 456, in _raise_exception
    raise raise_exception(msg)
frappe.exceptions.ExecutableNotFound: mysqldump not found in PATH! This is required to take a backup.

/bin/sh: /Users/kushagraverma/frappe/frappe-bench/env/bin/bench: No such file or directory
Backup failed for Site local.client.test. Database or site_config.json may be corrupted
Traceback (most recent call last):
  File "apps/frappe/frappe/commands/site.py", line 818, in backup
    odb = scheduled_backup(
  File "apps/frappe/frappe/utils/backups.py", line 530, in scheduled_backup
    odb = new_backup(
  File "apps/frappe/frappe/utils/backups.py", line 582, in new_backup
    odb.get_backup(older_than, ignore_files, force=force)
  File "apps/frappe/frappe/utils/backups.py", line 190, in get_backup
    self.take_dump()
  File "apps/frappe/frappe/utils/backups.py", line 377, in take_dump
    frappe.throw(
  File "apps/frappe/frappe/__init__.py", line 552, in throw
    msgprint(
  File "apps/frappe/frappe/__init__.py", line 513, in msgprint
    _raise_exception()
  File "apps/frappe/frappe/__init__.py", line 456, in _raise_exception
    raise raise_exception(msg)
frappe.exceptions.ExecutableNotFound: mysqldump not found in PATH! This is required to take a backup.

/bin/sh: /Users/kushagraverma/frappe/frappe-bench/env/bin/bench: No such file or directory
Backup failed for Site local.client.test. Database or site_config.json may be corrupted
Traceback (most recent call last):
  File "apps/frappe/frappe/commands/site.py", line 818, in backup
    odb = scheduled_backup(
  File "apps/frappe/frappe/utils/backups.py", line 530, in scheduled_backup
    odb = new_backup(
  File "apps/frappe/frappe/utils/backups.py", line 582, in new_backup
    odb.get_backup(older_than, ignore_files, force=force)
  File "apps/frappe/frappe/utils/backups.py", line 190, in get_backup
    self.take_dump()
  File "apps/frappe/frappe/utils/backups.py", line 377, in take_dump
    frappe.throw(
  File "apps/frappe/frappe/__init__.py", line 552, in throw
    msgprint(
  File "apps/frappe/frappe/__init__.py", line 513, in msgprint
    _raise_exception()
  File "apps/frappe/frappe/__init__.py", line 456, in _raise_exception
    raise raise_exception(msg)
frappe.exceptions.ExecutableNotFound: mysqldump not found in PATH! This is required to take a backup.

/bin/sh: /Users/kushagraverma/frappe/frappe-bench/env/bin/bench: No such file or directory
Backup failed for Site local.client.test. Database or site_config.json may be corrupted
Traceback (most recent call last):
  File "apps/frappe/frappe/commands/site.py", line 818, in backup
    odb = scheduled_backup(
  File "apps/frappe/frappe/utils/backups.py", line 530, in scheduled_backup
    odb = new_backup(
  File "apps/frappe/frappe/utils/backups.py", line 582, in new_backup
    odb.get_backup(older_than, ignore_files, force=force)
  File "apps/frappe/frappe/utils/backups.py", line 190, in get_backup
    self.take_dump()
  File "apps/frappe/frappe/utils/backups.py", line 377, in take_dump
    frappe.throw(
  File "apps/frappe/frappe/__init__.py", line 552, in throw
    msgprint(
  File "apps/frappe/frappe/__init__.py", line 513, in msgprint
    _raise_exception()
  File "apps/frappe/frappe/__init__.py", line 456, in _raise_exception
    raise raise_exception(msg)
frappe.exceptions.ExecutableNotFound: mysqldump not found in PATH! This is required to take a backup.

/bin/sh: /Users/kushagraverma/frappe/frappe-bench/env/bin/bench: No such file or directory
Backup failed for Site local.client.test. Database or site_config.json may be corrupted
Traceback (most recent call last):
  File "apps/frappe/frappe/commands/site.py", line 818, in backup
    odb = scheduled_backup(
  File "apps/frappe/frappe/utils/backups.py", line 530, in scheduled_backup
    odb = new_backup(
  File "apps/frappe/frappe/utils/backups.py", line 582, in new_backup
    odb.get_backup(older_than, ignore_files, force=force)
  File "apps/frappe/frappe/utils/backups.py", line 190, in get_backup
    self.take_dump()
  File "apps/frappe/frappe/utils/backups.py", line 377, in take_dump
    frappe.throw(
  File "apps/frappe/frappe/__init__.py", line 552, in throw
    msgprint(
  File "apps/frappe/frappe/__init__.py", line 513, in msgprint
    _raise_exception()
  File "apps/frappe/frappe/__init__.py", line 456, in _raise_exception
    raise raise_exception(msg)
frappe.exceptions.ExecutableNotFound: mysqldump not found in PATH! This is required to take a backup.

/bin/sh: /Users/kushagraverma/frappe/frappe-bench/env/bin/bench: No such file or directory
Backup failed for Site local.client.test. Database or site_config.json may be corrupted
Traceback (most recent call last):
  File "apps/frappe/frappe/commands/site.py", line 818, in backup
    odb = scheduled_backup(
  File "apps/frappe/frappe/utils/backups.py", line 530, in scheduled_backup
    odb = new_backup(
  File "apps/frappe/frappe/utils/backups.py", line 582, in new_backup
    odb.get_backup(older_than, ignore_files, force=force)
  File "apps/frappe/frappe/utils/backups.py", line 190, in get_backup
    self.take_dump()
  File "apps/frappe/frappe/utils/backups.py", line 377, in take_dump
    frappe.throw(
  File "apps/frappe/frappe/__init__.py", line 552, in throw
    msgprint(
  File "apps/frappe/frappe/__init__.py", line 513, in msgprint
    _raise_exception()
  File "apps/frappe/frappe/__init__.py", line 456, in _raise_exception
    raise raise_exception(msg)
frappe.exceptions.ExecutableNotFound: mysqldump not found in PATH! This is required to take a backup.

/bin/sh: /Users/kushagraverma/frappe/frappe-bench/env/bin/bench: No such file or directory
Backup failed for Site local.client.test. Database or site_config.json may be corrupted
Traceback (most recent call last):
  File "apps/frappe/frappe/commands/site.py", line 818, in backup
    odb = scheduled_backup(
  File "apps/frappe/frappe/utils/backups.py", line 530, in scheduled_backup
    odb = new_backup(
  File "apps/frappe/frappe/utils/backups.py", line 582, in new_backup
    odb.get_backup(older_than, ignore_files, force=force)
  File "apps/frappe/frappe/utils/backups.py", line 190, in get_backup
    self.take_dump()
  File "apps/frappe/frappe/utils/backups.py", line 377, in take_dump
    frappe.throw(
  File "apps/frappe/frappe/__init__.py", line 552, in throw
    msgprint(
  File "apps/frappe/frappe/__init__.py", line 513, in msgprint
    _raise_exception()
  File "apps/frappe/frappe/__init__.py", line 456, in _raise_exception
    raise raise_exception(msg)
frappe.exceptions.ExecutableNotFound: mysqldump not found in PATH! This is required to take a backup.

/bin/sh: /Users/kushagraverma/frappe/frappe-bench/env/bin/bench: No such file or directory
Backup failed for Site local.client.test. Database or site_config.json may be corrupted
Traceback (most recent call last):
  File "apps/frappe/frappe/commands/site.py", line 818, in backup
    odb = scheduled_backup(
  File "apps/frappe/frappe/utils/backups.py", line 530, in scheduled_backup
    odb = new_backup(
  File "apps/frappe/frappe/utils/backups.py", line 582, in new_backup
    odb.get_backup(older_than, ignore_files, force=force)
  File "apps/frappe/frappe/utils/backups.py", line 190, in get_backup
    self.take_dump()
  File "apps/frappe/frappe/utils/backups.py", line 377, in take_dump
    frappe.throw(
  File "apps/frappe/frappe/__init__.py", line 552, in throw
    msgprint(
  File "apps/frappe/frappe/__init__.py", line 513, in msgprint
    _raise_exception()
  File "apps/frappe/frappe/__init__.py", line 456, in _raise_exception
    raise raise_exception(msg)
frappe.exceptions.ExecutableNotFound: mysqldump not found in PATH! This is required to take a backup.

/bin/sh: /Users/kushagraverma/frappe/frappe-bench/env/bin/bench: No such file or directory
Backup failed for Site local.client.test. Database or site_config.json may be corrupted
Traceback (most recent call last):
  File "apps/frappe/frappe/commands/site.py", line 818, in backup
    odb = scheduled_backup(
  File "apps/frappe/frappe/utils/backups.py", line 530, in scheduled_backup
    odb = new_backup(
  File "apps/frappe/frappe/utils/backups.py", line 582, in new_backup
    odb.get_backup(older_than, ignore_files, force=force)
  File "apps/frappe/frappe/utils/backups.py", line 190, in get_backup
    self.take_dump()
  File "apps/frappe/frappe/utils/backups.py", line 377, in take_dump
    frappe.throw(
  File "apps/frappe/frappe/__init__.py", line 552, in throw
    msgprint(
  File "apps/frappe/frappe/__init__.py", line 513, in msgprint
    _raise_exception()
  File "apps/frappe/frappe/__init__.py", line 456, in _raise_exception
    raise raise_exception(msg)
frappe.exceptions.ExecutableNotFound: mysqldump not found in PATH! This is required to take a backup.

/bin/sh: /Users/kushagraverma/frappe/frappe-bench/env/bin/bench: No such file or directory
Backup failed for Site local.client.test. Database or site_config.json may be corrupted
Traceback (most recent call last):
  File "apps/frappe/frappe/commands/site.py", line 818, in backup
    odb = scheduled_backup(
  File "apps/frappe/frappe/utils/backups.py", line 530, in scheduled_backup
    odb = new_backup(
  File "apps/frappe/frappe/utils/backups.py", line 582, in new_backup
    odb.get_backup(older_than, ignore_files, force=force)
  File "apps/frappe/frappe/utils/backups.py", line 190, in get_backup
    self.take_dump()
  File "apps/frappe/frappe/utils/backups.py", line 377, in take_dump
    frappe.throw(
  File "apps/frappe/frappe/__init__.py", line 552, in throw
    msgprint(
  File "apps/frappe/frappe/__init__.py", line 513, in msgprint
    _raise_exception()
  File "apps/frappe/frappe/__init__.py", line 456, in _raise_exception
    raise raise_exception(msg)
frappe.exceptions.ExecutableNotFound: mysqldump not found in PATH! This is required to take a backup.

/bin/sh: /Users/kushagraverma/frappe/frappe-bench/env/bin/bench: No such file or directory
Backup failed for Site local.client.test. Database or site_config.json may be corrupted
Traceback (most recent call last):
  File "apps/frappe/frappe/commands/site.py", line 818, in backup
    odb = scheduled_backup(
  File "apps/frappe/frappe/utils/backups.py", line 530, in scheduled_backup
    odb = new_backup(
  File "apps/frappe/frappe/utils/backups.py", line 582, in new_backup
    odb.get_backup(older_than, ignore_files, force=force)
  File "apps/frappe/frappe/utils/backups.py", line 190, in get_backup
    self.take_dump()
  File "apps/frappe/frappe/utils/backups.py", line 377, in take_dump
    frappe.throw(
  File "apps/frappe/frappe/__init__.py", line 552, in throw
    msgprint(
  File "apps/frappe/frappe/__init__.py", line 513, in msgprint
    _raise_exception()
  File "apps/frappe/frappe/__init__.py", line 456, in _raise_exception
    raise raise_exception(msg)
frappe.exceptions.ExecutableNotFound: mysqldump not found in PATH! This is required to take a backup.

/bin/sh: /Users/kushagraverma/frappe/frappe-bench/env/bin/bench: No such file or directory
Backup failed for Site local.client.test. Database or site_config.json may be corrupted
Traceback (most recent call last):
  File "apps/frappe/frappe/commands/site.py", line 818, in backup
    odb = scheduled_backup(
  File "apps/frappe/frappe/utils/backups.py", line 530, in scheduled_backup
    odb = new_backup(
  File "apps/frappe/frappe/utils/backups.py", line 582, in new_backup
    odb.get_backup(older_than, ignore_files, force=force)
  File "apps/frappe/frappe/utils/backups.py", line 190, in get_backup
    self.take_dump()
  File "apps/frappe/frappe/utils/backups.py", line 377, in take_dump
    frappe.throw(
  File "apps/frappe/frappe/__init__.py", line 552, in throw
    msgprint(
  File "apps/frappe/frappe/__init__.py", line 513, in msgprint
    _raise_exception()
  File "apps/frappe/frappe/__init__.py", line 456, in _raise_exception
    raise raise_exception(msg)
frappe.exceptions.ExecutableNotFound: mysqldump not found in PATH! This is required to take a backup.

/bin/sh: /Users/kushagraverma/frappe/frappe-bench/env/bin/bench: No such file or directory
Backup failed for Site local.client.test. Database or site_config.json may be corrupted
Traceback (most recent call last):
  File "apps/frappe/frappe/commands/site.py", line 818, in backup
    odb = scheduled_backup(
  File "apps/frappe/frappe/utils/backups.py", line 530, in scheduled_backup
    odb = new_backup(
  File "apps/frappe/frappe/utils/backups.py", line 582, in new_backup
    odb.get_backup(older_than, ignore_files, force=force)
  File "apps/frappe/frappe/utils/backups.py", line 190, in get_backup
    self.take_dump()
  File "apps/frappe/frappe/utils/backups.py", line 377, in take_dump
    frappe.throw(
  File "apps/frappe/frappe/__init__.py", line 552, in throw
    msgprint(
  File "apps/frappe/frappe/__init__.py", line 513, in msgprint
    _raise_exception()
  File "apps/frappe/frappe/__init__.py", line 456, in _raise_exception
    raise raise_exception(msg)
frappe.exceptions.ExecutableNotFound: mysqldump not found in PATH! This is required to take a backup.

/bin/sh: /Users/kushagraverma/frappe/frappe-bench/env/bin/bench: No such file or directory
Backup failed for Site local.client.test. Database or site_config.json may be corrupted
Traceback (most recent call last):
  File "apps/frappe/frappe/commands/site.py", line 818, in backup
    odb = scheduled_backup(
  File "apps/frappe/frappe/utils/backups.py", line 530, in scheduled_backup
    odb = new_backup(
  File "apps/frappe/frappe/utils/backups.py", line 582, in new_backup
    odb.get_backup(older_than, ignore_files, force=force)
  File "apps/frappe/frappe/utils/backups.py", line 190, in get_backup
    self.take_dump()
  File "apps/frappe/frappe/utils/backups.py", line 377, in take_dump
    frappe.throw(
  File "apps/frappe/frappe/__init__.py", line 552, in throw
    msgprint(
  File "apps/frappe/frappe/__init__.py", line 513, in msgprint
    _raise_exception()
  File "apps/frappe/frappe/__init__.py", line 456, in _raise_exception
    raise raise_exception(msg)
frappe.exceptions.ExecutableNotFound: mysqldump not found in PATH! This is required to take a backup.

/bin/sh: /Users/kushagraverma/frappe/frappe-bench/env/bin/bench: No such file or directory
Backup failed for Site local.client.test. Database or site_config.json may be corrupted
Traceback (most recent call last):
  File "apps/frappe/frappe/commands/site.py", line 818, in backup
    odb = scheduled_backup(
  File "apps/frappe/frappe/utils/backups.py", line 530, in scheduled_backup
    odb = new_backup(
  File "apps/frappe/frappe/utils/backups.py", line 582, in new_backup
    odb.get_backup(older_than, ignore_files, force=force)
  File "apps/frappe/frappe/utils/backups.py", line 190, in get_backup
    self.take_dump()
  File "apps/frappe/frappe/utils/backups.py", line 377, in take_dump
    frappe.throw(
  File "apps/frappe/frappe/__init__.py", line 552, in throw
    msgprint(
  File "apps/frappe/frappe/__init__.py", line 513, in msgprint
    _raise_exception()
  File "apps/frappe/frappe/__init__.py", line 456, in _raise_exception
    raise raise_exception(msg)
frappe.exceptions.ExecutableNotFound: mysqldump not found in PATH! This is required to take a backup.

/bin/sh: /Users/kushagraverma/frappe/frappe-bench/env/bin/bench: No such file or directory
Backup failed for Site local.client.test. Database or site_config.json may be corrupted
Traceback (most recent call last):
  File "apps/frappe/frappe/commands/site.py", line 818, in backup
    odb = scheduled_backup(
  File "apps/frappe/frappe/utils/backups.py", line 530, in scheduled_backup
    odb = new_backup(
  File "apps/frappe/frappe/utils/backups.py", line 582, in new_backup
    odb.get_backup(older_than, ignore_files, force=force)
  File "apps/frappe/frappe/utils/backups.py", line 190, in get_backup
    self.take_dump()
  File "apps/frappe/frappe/utils/backups.py", line 377, in take_dump
    frappe.throw(
  File "apps/frappe/frappe/__init__.py", line 552, in throw
    msgprint(
  File "apps/frappe/frappe/__init__.py", line 513, in msgprint
    _raise_exception()
  File "apps/frappe/frappe/__init__.py", line 456, in _raise_exception
    raise raise_exception(msg)
frappe.exceptions.ExecutableNotFound: mysqldump not found in PATH! This is required to take a backup.

/bin/sh: /Users/kushagraverma/frappe/frappe-bench/env/bin/bench: No such file or directory
Backup failed for Site local.client.test. Database or site_config.json may be corrupted
Traceback (most recent call last):
  File "apps/frappe/frappe/commands/site.py", line 818, in backup
    odb = scheduled_backup(
  File "apps/frappe/frappe/utils/backups.py", line 530, in scheduled_backup
    odb = new_backup(
  File "apps/frappe/frappe/utils/backups.py", line 582, in new_backup
    odb.get_backup(older_than, ignore_files, force=force)
  File "apps/frappe/frappe/utils/backups.py", line 190, in get_backup
    self.take_dump()
  File "apps/frappe/frappe/utils/backups.py", line 377, in take_dump
    frappe.throw(
  File "apps/frappe/frappe/__init__.py", line 552, in throw
    msgprint(
  File "apps/frappe/frappe/__init__.py", line 513, in msgprint
    _raise_exception()
  File "apps/frappe/frappe/__init__.py", line 456, in _raise_exception
    raise raise_exception(msg)
frappe.exceptions.ExecutableNotFound: mysqldump not found in PATH! This is required to take a backup.

/bin/sh: /Users/kushagraverma/frappe/frappe-bench/env/bin/bench: No such file or directory
Backup failed for Site local.client.test. Database or site_config.json may be corrupted
Traceback (most recent call last):
  File "apps/frappe/frappe/commands/site.py", line 818, in backup
    odb = scheduled_backup(
  File "apps/frappe/frappe/utils/backups.py", line 530, in scheduled_backup
    odb = new_backup(
  File "apps/frappe/frappe/utils/backups.py", line 582, in new_backup
    odb.get_backup(older_than, ignore_files, force=force)
  File "apps/frappe/frappe/utils/backups.py", line 190, in get_backup
    self.take_dump()
  File "apps/frappe/frappe/utils/backups.py", line 377, in take_dump
    frappe.throw(
  File "apps/frappe/frappe/__init__.py", line 552, in throw
    msgprint(
  File "apps/frappe/frappe/__init__.py", line 513, in msgprint
    _raise_exception()
  File "apps/frappe/frappe/__init__.py", line 456, in _raise_exception
    raise raise_exception(msg)
frappe.exceptions.ExecutableNotFound: mysqldump not found in PATH! This is required to take a backup.

/bin/sh: /Users/kushagraverma/frappe/frappe-bench/env/bin/bench: No such file or directory
Backup failed for Site local.client.test. Database or site_config.json may be corrupted
Traceback (most recent call last):
  File "apps/frappe/frappe/commands/site.py", line 818, in backup
    odb = scheduled_backup(
  File "apps/frappe/frappe/utils/backups.py", line 530, in scheduled_backup
    odb = new_backup(
  File "apps/frappe/frappe/utils/backups.py", line 582, in new_backup
    odb.get_backup(older_than, ignore_files, force=force)
  File "apps/frappe/frappe/utils/backups.py", line 190, in get_backup
    self.take_dump()
  File "apps/frappe/frappe/utils/backups.py", line 377, in take_dump
    frappe.throw(
  File "apps/frappe/frappe/__init__.py", line 552, in throw
    msgprint(
  File "apps/frappe/frappe/__init__.py", line 513, in msgprint
    _raise_exception()
  File "apps/frappe/frappe/__init__.py", line 456, in _raise_exception
    raise raise_exception(msg)
frappe.exceptions.ExecutableNotFound: mysqldump not found in PATH! This is required to take a backup.

/bin/sh: /Users/kushagraverma/frappe/frappe-bench/env/bin/bench: No such file or directory
Backup failed for Site local.client.test. Database or site_config.json may be corrupted
Traceback (most recent call last):
  File "apps/frappe/frappe/commands/site.py", line 818, in backup
    odb = scheduled_backup(
  File "apps/frappe/frappe/utils/backups.py", line 530, in scheduled_backup
    odb = new_backup(
  File "apps/frappe/frappe/utils/backups.py", line 582, in new_backup
    odb.get_backup(older_than, ignore_files, force=force)
  File "apps/frappe/frappe/utils/backups.py", line 190, in get_backup
    self.take_dump()
  File "apps/frappe/frappe/utils/backups.py", line 377, in take_dump
    frappe.throw(
  File "apps/frappe/frappe/__init__.py", line 552, in throw
    msgprint(
  File "apps/frappe/frappe/__init__.py", line 513, in msgprint
    _raise_exception()
  File "apps/frappe/frappe/__init__.py", line 456, in _raise_exception
    raise raise_exception(msg)
frappe.exceptions.ExecutableNotFound: mysqldump not found in PATH! This is required to take a backup.

/bin/sh: /Users/kushagraverma/frappe/frappe-bench/env/bin/bench: No such file or directory
Backup failed for Site local.client.test. Database or site_config.json may be corrupted
Traceback (most recent call last):
  File "apps/frappe/frappe/commands/site.py", line 818, in backup
    odb = scheduled_backup(
  File "apps/frappe/frappe/utils/backups.py", line 530, in scheduled_backup
    odb = new_backup(
  File "apps/frappe/frappe/utils/backups.py", line 582, in new_backup
    odb.get_backup(older_than, ignore_files, force=force)
  File "apps/frappe/frappe/utils/backups.py", line 190, in get_backup
    self.take_dump()
  File "apps/frappe/frappe/utils/backups.py", line 377, in take_dump
    frappe.throw(
  File "apps/frappe/frappe/__init__.py", line 552, in throw
    msgprint(
  File "apps/frappe/frappe/__init__.py", line 513, in msgprint
    _raise_exception()
  File "apps/frappe/frappe/__init__.py", line 456, in _raise_exception
    raise raise_exception(msg)
frappe.exceptions.ExecutableNotFound: mysqldump not found in PATH! This is required to take a backup.

/bin/sh: /Users/kushagraverma/frappe/frappe-bench/env/bin/bench: No such file or directory
Backup failed for Site local.client.test. Database or site_config.json may be corrupted
Traceback (most recent call last):
  File "apps/frappe/frappe/commands/site.py", line 818, in backup
    odb = scheduled_backup(
  File "apps/frappe/frappe/utils/backups.py", line 530, in scheduled_backup
    odb = new_backup(
  File "apps/frappe/frappe/utils/backups.py", line 582, in new_backup
    odb.get_backup(older_than, ignore_files, force=force)
  File "apps/frappe/frappe/utils/backups.py", line 190, in get_backup
    self.take_dump()
  File "apps/frappe/frappe/utils/backups.py", line 377, in take_dump
    frappe.throw(
  File "apps/frappe/frappe/__init__.py", line 552, in throw
    msgprint(
  File "apps/frappe/frappe/__init__.py", line 513, in msgprint
    _raise_exception()
  File "apps/frappe/frappe/__init__.py", line 456, in _raise_exception
    raise raise_exception(msg)
frappe.exceptions.ExecutableNotFound: mysqldump not found in PATH! This is required to take a backup.

/bin/sh: /Users/kushagraverma/frappe/frappe-bench/env/bin/bench: No such file or directory
Backup failed for Site local.client.test. Database or site_config.json may be corrupted
Traceback (most recent call last):
  File "apps/frappe/frappe/commands/site.py", line 818, in backup
    odb = scheduled_backup(
  File "apps/frappe/frappe/utils/backups.py", line 530, in scheduled_backup
    odb = new_backup(
  File "apps/frappe/frappe/utils/backups.py", line 582, in new_backup
    odb.get_backup(older_than, ignore_files, force=force)
  File "apps/frappe/frappe/utils/backups.py", line 190, in get_backup
    self.take_dump()
  File "apps/frappe/frappe/utils/backups.py", line 377, in take_dump
    frappe.throw(
  File "apps/frappe/frappe/__init__.py", line 552, in throw
    msgprint(
  File "apps/frappe/frappe/__init__.py", line 513, in msgprint
    _raise_exception()
  File "apps/frappe/frappe/__init__.py", line 456, in _raise_exception
    raise raise_exception(msg)
frappe.exceptions.ExecutableNotFound: mysqldump not found in PATH! This is required to take a backup.

/bin/sh: /Users/kushagraverma/frappe/frappe-bench/env/bin/bench: No such file or directory
Backup failed for Site local.client.test. Database or site_config.json may be corrupted
Traceback (most recent call last):
  File "apps/frappe/frappe/commands/site.py", line 818, in backup
    odb = scheduled_backup(
  File "apps/frappe/frappe/utils/backups.py", line 530, in scheduled_backup
    odb = new_backup(
  File "apps/frappe/frappe/utils/backups.py", line 582, in new_backup
    odb.get_backup(older_than, ignore_files, force=force)
  File "apps/frappe/frappe/utils/backups.py", line 190, in get_backup
    self.take_dump()
  File "apps/frappe/frappe/utils/backups.py", line 377, in take_dump
    frappe.throw(
  File "apps/frappe/frappe/__init__.py", line 552, in throw
    msgprint(
  File "apps/frappe/frappe/__init__.py", line 513, in msgprint
    _raise_exception()
  File "apps/frappe/frappe/__init__.py", line 456, in _raise_exception
    raise raise_exception(msg)
frappe.exceptions.ExecutableNotFound: mysqldump not found in PATH! This is required to take a backup.

/bin/sh: /Users/kushagraverma/frappe/frappe-bench/env/bin/bench: No such file or directory
Backup failed for Site local.client.test. Database or site_config.json may be corrupted
Traceback (most recent call last):
  File "apps/frappe/frappe/commands/site.py", line 818, in backup
    odb = scheduled_backup(
  File "apps/frappe/frappe/utils/backups.py", line 530, in scheduled_backup
    odb = new_backup(
  File "apps/frappe/frappe/utils/backups.py", line 582, in new_backup
    odb.get_backup(older_than, ignore_files, force=force)
  File "apps/frappe/frappe/utils/backups.py", line 190, in get_backup
    self.take_dump()
  File "apps/frappe/frappe/utils/backups.py", line 377, in take_dump
    frappe.throw(
  File "apps/frappe/frappe/__init__.py", line 552, in throw
    msgprint(
  File "apps/frappe/frappe/__init__.py", line 513, in msgprint
    _raise_exception()
  File "apps/frappe/frappe/__init__.py", line 456, in _raise_exception
    raise raise_exception(msg)
frappe.exceptions.ExecutableNotFound: mysqldump not found in PATH! This is required to take a backup.

/bin/sh: /Users/kushagraverma/frappe/frappe-bench/env/bin/bench: No such file or directory
Backup failed for Site local.client.test. Database or site_config.json may be corrupted
Traceback (most recent call last):
  File "apps/frappe/frappe/commands/site.py", line 818, in backup
    odb = scheduled_backup(
  File "apps/frappe/frappe/utils/backups.py", line 530, in scheduled_backup
    odb = new_backup(
  File "apps/frappe/frappe/utils/backups.py", line 582, in new_backup
    odb.get_backup(older_than, ignore_files, force=force)
  File "apps/frappe/frappe/utils/backups.py", line 190, in get_backup
    self.take_dump()
  File "apps/frappe/frappe/utils/backups.py", line 377, in take_dump
    frappe.throw(
  File "apps/frappe/frappe/__init__.py", line 552, in throw
    msgprint(
  File "apps/frappe/frappe/__init__.py", line 513, in msgprint
    _raise_exception()
  File "apps/frappe/frappe/__init__.py", line 456, in _raise_exception
    raise raise_exception(msg)
frappe.exceptions.ExecutableNotFound: mysqldump not found in PATH! This is required to take a backup.

/bin/sh: /Users/kushagraverma/frappe/frappe-bench/env/bin/bench: No such file or directory
Backup failed for Site local.client.test. Database or site_config.json may be corrupted
Traceback (most recent call last):
  File "apps/frappe/frappe/commands/site.py", line 818, in backup
    odb = scheduled_backup(
  File "apps/frappe/frappe/utils/backups.py", line 530, in scheduled_backup
    odb = new_backup(
  File "apps/frappe/frappe/utils/backups.py", line 582, in new_backup
    odb.get_backup(older_than, ignore_files, force=force)
  File "apps/frappe/frappe/utils/backups.py", line 190, in get_backup
    self.take_dump()
  File "apps/frappe/frappe/utils/backups.py", line 377, in take_dump
    frappe.throw(
  File "apps/frappe/frappe/__init__.py", line 552, in throw
    msgprint(
  File "apps/frappe/frappe/__init__.py", line 513, in msgprint
    _raise_exception()
  File "apps/frappe/frappe/__init__.py", line 456, in _raise_exception
    raise raise_exception(msg)
frappe.exceptions.ExecutableNotFound: mysqldump not found in PATH! This is required to take a backup.

/bin/sh: /Users/kushagraverma/frappe/frappe-bench/env/bin/bench: No such file or directory
Backup failed for Site local.client.test. Database or site_config.json may be corrupted
Traceback (most recent call last):
  File "apps/frappe/frappe/commands/site.py", line 818, in backup
    odb = scheduled_backup(
  File "apps/frappe/frappe/utils/backups.py", line 530, in scheduled_backup
    odb = new_backup(
  File "apps/frappe/frappe/utils/backups.py", line 582, in new_backup
    odb.get_backup(older_than, ignore_files, force=force)
  File "apps/frappe/frappe/utils/backups.py", line 190, in get_backup
    self.take_dump()
  File "apps/frappe/frappe/utils/backups.py", line 377, in take_dump
    frappe.throw(
  File "apps/frappe/frappe/__init__.py", line 552, in throw
    msgprint(
  File "apps/frappe/frappe/__init__.py", line 513, in msgprint
    _raise_exception()
  File "apps/frappe/frappe/__init__.py", line 456, in _raise_exception
    raise raise_exception(msg)
frappe.exceptions.ExecutableNotFound: mysqldump not found in PATH! This is required to take a backup.

/bin/sh: /Users/kushagraverma/frappe/frappe-bench/env/bin/bench: No such file or directory
Backup failed for Site local.client.test. Database or site_config.json may be corrupted
Traceback (most recent call last):
  File "apps/frappe/frappe/commands/site.py", line 818, in backup
    odb = scheduled_backup(
  File "apps/frappe/frappe/utils/backups.py", line 530, in scheduled_backup
    odb = new_backup(
  File "apps/frappe/frappe/utils/backups.py", line 582, in new_backup
    odb.get_backup(older_than, ignore_files, force=force)
  File "apps/frappe/frappe/utils/backups.py", line 190, in get_backup
    self.take_dump()
  File "apps/frappe/frappe/utils/backups.py", line 377, in take_dump
    frappe.throw(
  File "apps/frappe/frappe/__init__.py", line 552, in throw
    msgprint(
  File "apps/frappe/frappe/__init__.py", line 513, in msgprint
    _raise_exception()
  File "apps/frappe/frappe/__init__.py", line 456, in _raise_exception
    raise raise_exception(msg)
frappe.exceptions.ExecutableNotFound: mysqldump not found in PATH! This is required to take a backup.

/bin/sh: /Users/kushagraverma/frappe/frappe-bench/env/bin/bench: No such file or directory
Backup failed for Site local.client.test. Database or site_config.json may be corrupted
Traceback (most recent call last):
  File "apps/frappe/frappe/commands/site.py", line 818, in backup
    odb = scheduled_backup(
  File "apps/frappe/frappe/utils/backups.py", line 530, in scheduled_backup
    odb = new_backup(
  File "apps/frappe/frappe/utils/backups.py", line 582, in new_backup
    odb.get_backup(older_than, ignore_files, force=force)
  File "apps/frappe/frappe/utils/backups.py", line 190, in get_backup
    self.take_dump()
  File "apps/frappe/frappe/utils/backups.py", line 377, in take_dump
    frappe.throw(
  File "apps/frappe/frappe/__init__.py", line 552, in throw
    msgprint(
  File "apps/frappe/frappe/__init__.py", line 513, in msgprint
    _raise_exception()
  File "apps/frappe/frappe/__init__.py", line 456, in _raise_exception
    raise raise_exception(msg)
frappe.exceptions.ExecutableNotFound: mysqldump not found in PATH! This is required to take a backup.

/bin/sh: /Users/kushagraverma/frappe/frappe-bench/env/bin/bench: No such file or directory
Backup failed for Site local.client.test. Database or site_config.json may be corrupted
Traceback (most recent call last):
  File "apps/frappe/frappe/commands/site.py", line 818, in backup
    odb = scheduled_backup(
  File "apps/frappe/frappe/utils/backups.py", line 530, in scheduled_backup
    odb = new_backup(
  File "apps/frappe/frappe/utils/backups.py", line 582, in new_backup
    odb.get_backup(older_than, ignore_files, force=force)
  File "apps/frappe/frappe/utils/backups.py", line 190, in get_backup
    self.take_dump()
  File "apps/frappe/frappe/utils/backups.py", line 377, in take_dump
    frappe.throw(
  File "apps/frappe/frappe/__init__.py", line 552, in throw
    msgprint(
  File "apps/frappe/frappe/__init__.py", line 513, in msgprint
    _raise_exception()
  File "apps/frappe/frappe/__init__.py", line 456, in _raise_exception
    raise raise_exception(msg)
frappe.exceptions.ExecutableNotFound: mysqldump not found in PATH! This is required to take a backup.

/bin/sh: /Users/kushagraverma/frappe/frappe-bench/env/bin/bench: No such file or directory
Backup failed for Site local.client.test. Database or site_config.json may be corrupted
Traceback (most recent call last):
  File "apps/frappe/frappe/commands/site.py", line 818, in backup
    odb = scheduled_backup(
  File "apps/frappe/frappe/utils/backups.py", line 530, in scheduled_backup
    odb = new_backup(
  File "apps/frappe/frappe/utils/backups.py", line 582, in new_backup
    odb.get_backup(older_than, ignore_files, force=force)
  File "apps/frappe/frappe/utils/backups.py", line 190, in get_backup
    self.take_dump()
  File "apps/frappe/frappe/utils/backups.py", line 377, in take_dump
    frappe.throw(
  File "apps/frappe/frappe/__init__.py", line 552, in throw
    msgprint(
  File "apps/frappe/frappe/__init__.py", line 513, in msgprint
    _raise_exception()
  File "apps/frappe/frappe/__init__.py", line 456, in _raise_exception
    raise raise_exception(msg)
frappe.exceptions.ExecutableNotFound: mysqldump not found in PATH! This is required to take a backup.

/bin/sh: /Users/kushagraverma/frappe/frappe-bench/env/bin/bench: No such file or directory
Backup failed for Site local.client.test. Database or site_config.json may be corrupted
Traceback (most recent call last):
  File "apps/frappe/frappe/commands/site.py", line 818, in backup
    odb = scheduled_backup(
  File "apps/frappe/frappe/utils/backups.py", line 530, in scheduled_backup
    odb = new_backup(
  File "apps/frappe/frappe/utils/backups.py", line 582, in new_backup
    odb.get_backup(older_than, ignore_files, force=force)
  File "apps/frappe/frappe/utils/backups.py", line 190, in get_backup
    self.take_dump()
  File "apps/frappe/frappe/utils/backups.py", line 377, in take_dump
    frappe.throw(
  File "apps/frappe/frappe/__init__.py", line 552, in throw
    msgprint(
  File "apps/frappe/frappe/__init__.py", line 513, in msgprint
    _raise_exception()
  File "apps/frappe/frappe/__init__.py", line 456, in _raise_exception
    raise raise_exception(msg)
frappe.exceptions.ExecutableNotFound: mysqldump not found in PATH! This is required to take a backup.

/bin/sh: /Users/kushagraverma/frappe/frappe-bench/env/bin/bench: No such file or directory
Backup failed for Site local.client.test. Database or site_config.json may be corrupted
Traceback (most recent call last):
  File "apps/frappe/frappe/commands/site.py", line 818, in backup
    odb = scheduled_backup(
  File "apps/frappe/frappe/utils/backups.py", line 530, in scheduled_backup
    odb = new_backup(
  File "apps/frappe/frappe/utils/backups.py", line 582, in new_backup
    odb.get_backup(older_than, ignore_files, force=force)
  File "apps/frappe/frappe/utils/backups.py", line 190, in get_backup
    self.take_dump()
  File "apps/frappe/frappe/utils/backups.py", line 377, in take_dump
    frappe.throw(
  File "apps/frappe/frappe/__init__.py", line 552, in throw
    msgprint(
  File "apps/frappe/frappe/__init__.py", line 513, in msgprint
    _raise_exception()
  File "apps/frappe/frappe/__init__.py", line 456, in _raise_exception
    raise raise_exception(msg)
frappe.exceptions.ExecutableNotFound: mysqldump not found in PATH! This is required to take a backup.

/bin/sh: /Users/kushagraverma/frappe/frappe-bench/env/bin/bench: No such file or directory
Backup failed for Site local.client.test. Database or site_config.json may be corrupted
Traceback (most recent call last):
  File "apps/frappe/frappe/commands/site.py", line 818, in backup
    odb = scheduled_backup(
  File "apps/frappe/frappe/utils/backups.py", line 530, in scheduled_backup
    odb = new_backup(
  File "apps/frappe/frappe/utils/backups.py", line 582, in new_backup
    odb.get_backup(older_than, ignore_files, force=force)
  File "apps/frappe/frappe/utils/backups.py", line 190, in get_backup
    self.take_dump()
  File "apps/frappe/frappe/utils/backups.py", line 377, in take_dump
    frappe.throw(
  File "apps/frappe/frappe/__init__.py", line 552, in throw
    msgprint(
  File "apps/frappe/frappe/__init__.py", line 513, in msgprint
    _raise_exception()
  File "apps/frappe/frappe/__init__.py", line 456, in _raise_exception
    raise raise_exception(msg)
frappe.exceptions.ExecutableNotFound: mysqldump not found in PATH! This is required to take a backup.

/bin/sh: /Users/kushagraverma/frappe/frappe-bench/env/bin/bench: No such file or directory
Backup failed for Site local.client.test. Database or site_config.json may be corrupted
Traceback (most recent call last):
  File "apps/frappe/frappe/commands/site.py", line 818, in backup
    odb = scheduled_backup(
  File "apps/frappe/frappe/utils/backups.py", line 530, in scheduled_backup
    odb = new_backup(
  File "apps/frappe/frappe/utils/backups.py", line 582, in new_backup
    odb.get_backup(older_than, ignore_files, force=force)
  File "apps/frappe/frappe/utils/backups.py", line 190, in get_backup
    self.take_dump()
  File "apps/frappe/frappe/utils/backups.py", line 377, in take_dump
    frappe.throw(
  File "apps/frappe/frappe/__init__.py", line 552, in throw
    msgprint(
  File "apps/frappe/frappe/__init__.py", line 513, in msgprint
    _raise_exception()
  File "apps/frappe/frappe/__init__.py", line 456, in _raise_exception
    raise raise_exception(msg)
frappe.exceptions.ExecutableNotFound: mysqldump not found in PATH! This is required to take a backup.

/bin/sh: /Users/kushagraverma/frappe/frappe-bench/env/bin/bench: No such file or directory
Backup failed for Site local.client.test. Database or site_config.json may be corrupted
Traceback (most recent call last):
  File "apps/frappe/frappe/commands/site.py", line 818, in backup
    odb = scheduled_backup(
  File "apps/frappe/frappe/utils/backups.py", line 530, in scheduled_backup
    odb = new_backup(
  File "apps/frappe/frappe/utils/backups.py", line 582, in new_backup
    odb.get_backup(older_than, ignore_files, force=force)
  File "apps/frappe/frappe/utils/backups.py", line 190, in get_backup
    self.take_dump()
  File "apps/frappe/frappe/utils/backups.py", line 377, in take_dump
    frappe.throw(
  File "apps/frappe/frappe/__init__.py", line 552, in throw
    msgprint(
  File "apps/frappe/frappe/__init__.py", line 513, in msgprint
    _raise_exception()
  File "apps/frappe/frappe/__init__.py", line 456, in _raise_exception
    raise raise_exception(msg)
frappe.exceptions.ExecutableNotFound: mysqldump not found in PATH! This is required to take a backup.

/bin/sh: /Users/kushagraverma/frappe/frappe-bench/env/bin/bench: No such file or directory
Backup failed for Site local.client.test. Database or site_config.json may be corrupted
Traceback (most recent call last):
  File "apps/frappe/frappe/commands/site.py", line 818, in backup
    odb = scheduled_backup(
  File "apps/frappe/frappe/utils/backups.py", line 530, in scheduled_backup
    odb = new_backup(
  File "apps/frappe/frappe/utils/backups.py", line 582, in new_backup
    odb.get_backup(older_than, ignore_files, force=force)
  File "apps/frappe/frappe/utils/backups.py", line 190, in get_backup
    self.take_dump()
  File "apps/frappe/frappe/utils/backups.py", line 377, in take_dump
    frappe.throw(
  File "apps/frappe/frappe/__init__.py", line 552, in throw
    msgprint(
  File "apps/frappe/frappe/__init__.py", line 513, in msgprint
    _raise_exception()
  File "apps/frappe/frappe/__init__.py", line 456, in _raise_exception
    raise raise_exception(msg)
frappe.exceptions.ExecutableNotFound: mysqldump not found in PATH! This is required to take a backup.

/bin/sh: /Users/kushagraverma/frappe/frappe-bench/env/bin/bench: No such file or directory
Backup failed for Site local.client.test. Database or site_config.json may be corrupted
Traceback (most recent call last):
  File "apps/frappe/frappe/commands/site.py", line 818, in backup
    odb = scheduled_backup(
  File "apps/frappe/frappe/utils/backups.py", line 530, in scheduled_backup
    odb = new_backup(
  File "apps/frappe/frappe/utils/backups.py", line 582, in new_backup
    odb.get_backup(older_than, ignore_files, force=force)
  File "apps/frappe/frappe/utils/backups.py", line 190, in get_backup
    self.take_dump()
  File "apps/frappe/frappe/utils/backups.py", line 377, in take_dump
    frappe.throw(
  File "apps/frappe/frappe/__init__.py", line 552, in throw
    msgprint(
  File "apps/frappe/frappe/__init__.py", line 513, in msgprint
    _raise_exception()
  File "apps/frappe/frappe/__init__.py", line 456, in _raise_exception
    raise raise_exception(msg)
frappe.exceptions.ExecutableNotFound: mysqldump not found in PATH! This is required to take a backup.

/bin/sh: /Users/kushagraverma/frappe/frappe-bench/env/bin/bench: No such file or directory
Backup failed for Site local.client.test. Database or site_config.json may be corrupted
Traceback (most recent call last):
  File "apps/frappe/frappe/commands/site.py", line 818, in backup
    odb = scheduled_backup(
  File "apps/frappe/frappe/utils/backups.py", line 530, in scheduled_backup
    odb = new_backup(
  File "apps/frappe/frappe/utils/backups.py", line 582, in new_backup
    odb.get_backup(older_than, ignore_files, force=force)
  File "apps/frappe/frappe/utils/backups.py", line 190, in get_backup
    self.take_dump()
  File "apps/frappe/frappe/utils/backups.py", line 377, in take_dump
    frappe.throw(
  File "apps/frappe/frappe/__init__.py", line 552, in throw
    msgprint(
  File "apps/frappe/frappe/__init__.py", line 513, in msgprint
    _raise_exception()
  File "apps/frappe/frappe/__init__.py", line 456, in _raise_exception
    raise raise_exception(msg)
frappe.exceptions.ExecutableNotFound: mysqldump not found in PATH! This is required to take a backup.

/bin/sh: /Users/kushagraverma/frappe/frappe-bench/env/bin/bench: No such file or directory
Backup failed for Site local.client.test. Database or site_config.json may be corrupted
Traceback (most recent call last):
  File "apps/frappe/frappe/commands/site.py", line 818, in backup
    odb = scheduled_backup(
  File "apps/frappe/frappe/utils/backups.py", line 530, in scheduled_backup
    odb = new_backup(
  File "apps/frappe/frappe/utils/backups.py", line 582, in new_backup
    odb.get_backup(older_than, ignore_files, force=force)
  File "apps/frappe/frappe/utils/backups.py", line 190, in get_backup
    self.take_dump()
  File "apps/frappe/frappe/utils/backups.py", line 377, in take_dump
    frappe.throw(
  File "apps/frappe/frappe/__init__.py", line 552, in throw
    msgprint(
  File "apps/frappe/frappe/__init__.py", line 513, in msgprint
    _raise_exception()
  File "apps/frappe/frappe/__init__.py", line 456, in _raise_exception
    raise raise_exception(msg)
frappe.exceptions.ExecutableNotFound: mysqldump not found in PATH! This is required to take a backup.

/bin/sh: /Users/kushagraverma/frappe/frappe-bench/env/bin/bench: No such file or directory
Backup failed for Site local.client.test. Database or site_config.json may be corrupted
Traceback (most recent call last):
  File "apps/frappe/frappe/commands/site.py", line 818, in backup
    odb = scheduled_backup(
  File "apps/frappe/frappe/utils/backups.py", line 530, in scheduled_backup
    odb = new_backup(
  File "apps/frappe/frappe/utils/backups.py", line 582, in new_backup
    odb.get_backup(older_than, ignore_files, force=force)
  File "apps/frappe/frappe/utils/backups.py", line 190, in get_backup
    self.take_dump()
  File "apps/frappe/frappe/utils/backups.py", line 377, in take_dump
    frappe.throw(
  File "apps/frappe/frappe/__init__.py", line 552, in throw
    msgprint(
  File "apps/frappe/frappe/__init__.py", line 513, in msgprint
    _raise_exception()
  File "apps/frappe/frappe/__init__.py", line 456, in _raise_exception
    raise raise_exception(msg)
frappe.exceptions.ExecutableNotFound: mysqldump not found in PATH! This is required to take a backup.

/bin/sh: /Users/kushagraverma/frappe/frappe-bench/env/bin/bench: No such file or directory
Backup failed for Site local.client.test. Database or site_config.json may be corrupted
Traceback (most recent call last):
  File "apps/frappe/frappe/commands/site.py", line 818, in backup
    odb = scheduled_backup(
  File "apps/frappe/frappe/utils/backups.py", line 530, in scheduled_backup
    odb = new_backup(
  File "apps/frappe/frappe/utils/backups.py", line 582, in new_backup
    odb.get_backup(older_than, ignore_files, force=force)
  File "apps/frappe/frappe/utils/backups.py", line 190, in get_backup
    self.take_dump()
  File "apps/frappe/frappe/utils/backups.py", line 377, in take_dump
    frappe.throw(
  File "apps/frappe/frappe/__init__.py", line 552, in throw
    msgprint(
  File "apps/frappe/frappe/__init__.py", line 513, in msgprint
    _raise_exception()
  File "apps/frappe/frappe/__init__.py", line 456, in _raise_exception
    raise raise_exception(msg)
frappe.exceptions.ExecutableNotFound: mysqldump not found in PATH! This is required to take a backup.

/bin/sh: /Users/kushagraverma/frappe/frappe-bench/env/bin/bench: No such file or directory
Backup failed for Site local.client.test. Database or site_config.json may be corrupted
Traceback (most recent call last):
  File "apps/frappe/frappe/commands/site.py", line 818, in backup
    odb = scheduled_backup(
  File "apps/frappe/frappe/utils/backups.py", line 530, in scheduled_backup
    odb = new_backup(
  File "apps/frappe/frappe/utils/backups.py", line 582, in new_backup
    odb.get_backup(older_than, ignore_files, force=force)
  File "apps/frappe/frappe/utils/backups.py", line 190, in get_backup
    self.take_dump()
  File "apps/frappe/frappe/utils/backups.py", line 377, in take_dump
    frappe.throw(
  File "apps/frappe/frappe/__init__.py", line 552, in throw
    msgprint(
  File "apps/frappe/frappe/__init__.py", line 513, in msgprint
    _raise_exception()
  File "apps/frappe/frappe/__init__.py", line 456, in _raise_exception
    raise raise_exception(msg)
frappe.exceptions.ExecutableNotFound: mysqldump not found in PATH! This is required to take a backup.

/bin/sh: /Users/kushagraverma/frappe/frappe-bench/env/bin/bench: No such file or directory
Backup failed for Site local.client.test. Database or site_config.json may be corrupted
Traceback (most recent call last):
  File "apps/frappe/frappe/commands/site.py", line 818, in backup
    odb = scheduled_backup(
  File "apps/frappe/frappe/utils/backups.py", line 530, in scheduled_backup
    odb = new_backup(
  File "apps/frappe/frappe/utils/backups.py", line 582, in new_backup
    odb.get_backup(older_than, ignore_files, force=force)
  File "apps/frappe/frappe/utils/backups.py", line 190, in get_backup
    self.take_dump()
  File "apps/frappe/frappe/utils/backups.py", line 377, in take_dump
    frappe.throw(
  File "apps/frappe/frappe/__init__.py", line 552, in throw
    msgprint(
  File "apps/frappe/frappe/__init__.py", line 513, in msgprint
    _raise_exception()
  File "apps/frappe/frappe/__init__.py", line 456, in _raise_exception
    raise raise_exception(msg)
frappe.exceptions.ExecutableNotFound: mysqldump not found in PATH! This is required to take a backup.

/bin/sh: /Users/kushagraverma/frappe/frappe-bench/env/bin/bench: No such file or directory
Backup failed for Site local.client.test. Database or site_config.json may be corrupted
Traceback (most recent call last):
  File "apps/frappe/frappe/commands/site.py", line 818, in backup
    odb = scheduled_backup(
  File "apps/frappe/frappe/utils/backups.py", line 530, in scheduled_backup
    odb = new_backup(
  File "apps/frappe/frappe/utils/backups.py", line 582, in new_backup
    odb.get_backup(older_than, ignore_files, force=force)
  File "apps/frappe/frappe/utils/backups.py", line 190, in get_backup
    self.take_dump()
  File "apps/frappe/frappe/utils/backups.py", line 377, in take_dump
    frappe.throw(
  File "apps/frappe/frappe/__init__.py", line 552, in throw
    msgprint(
  File "apps/frappe/frappe/__init__.py", line 513, in msgprint
    _raise_exception()
  File "apps/frappe/frappe/__init__.py", line 456, in _raise_exception
    raise raise_exception(msg)
frappe.exceptions.ExecutableNotFound: mysqldump not found in PATH! This is required to take a backup.

/bin/sh: /Users/kushagraverma/frappe/frappe-bench/env/bin/bench: No such file or directory
Traceback (most recent call last):
  File "/Users/kushagraverma/.local/pipx/venvs/frappe-bench/lib/python3.14/site-packages/git/__init__.py", line 296, in <module>
    refresh()
    ~~~~~~~^^
  File "/Users/kushagraverma/.local/pipx/venvs/frappe-bench/lib/python3.14/site-packages/git/__init__.py", line 287, in refresh
    if not Git.refresh(path=path):
           ~~~~~~~~~~~^^^^^^^^^^^
  File "/Users/kushagraverma/.local/pipx/venvs/frappe-bench/lib/python3.14/site-packages/git/cmd.py", line 788, in refresh
    cls().version()
    ~~~~~~~~~~~~~^^
  File "/Users/kushagraverma/.local/pipx/venvs/frappe-bench/lib/python3.14/site-packages/git/cmd.py", line 1003, in <lambda>
    return lambda *args, **kwargs: self._call_process(name, *args, **kwargs)
                                   ~~~~~~~~~~~~~~~~~~^^^^^^^^^^^^^^^^^^^^^^^
  File "/Users/kushagraverma/.local/pipx/venvs/frappe-bench/lib/python3.14/site-packages/git/cmd.py", line 1616, in _call_process
    return self.execute(call, **exec_kwargs)
           ~~~~~~~~~~~~^^^^^^^^^^^^^^^^^^^^^
  File "/Users/kushagraverma/.local/pipx/venvs/frappe-bench/lib/python3.14/site-packages/git/cmd.py", line 1406, in execute
    raise GitCommandError(redacted_command, status, stderr_value, stdout_value)
git.exc.GitCommandError: Cmd('git') failed due to: exit code(69)
  cmdline: git version
  stderr: 'You have not agreed to the Xcode license agreements. Please run 'sudo xcodebuild -license' from within a Terminal window to review and agree to the Xcode and Apple SDKs license.'

The above exception was the direct cause of the following exception:

Traceback (most recent call last):
  File "/Users/kushagraverma/.local/bin/bench", line 3, in <module>
    from bench.cli import cli
  File "/Users/kushagraverma/.local/pipx/venvs/frappe-bench/lib/python3.14/site-packages/bench/cli.py", line 14, in <module>
    from bench.bench import Bench
  File "/Users/kushagraverma/.local/pipx/venvs/frappe-bench/lib/python3.14/site-packages/bench/bench.py", line 37, in <module>
    from bench.utils.app import get_current_version
  File "/Users/kushagraverma/.local/pipx/venvs/frappe-bench/lib/python3.14/site-packages/bench/utils/app.py", line 12, in <module>
    from bench.app import get_repo_dir
  File "/Users/kushagraverma/.local/pipx/venvs/frappe-bench/lib/python3.14/site-packages/bench/app.py", line 21, in <module>
    import git
  File "/Users/kushagraverma/.local/pipx/venvs/frappe-bench/lib/python3.14/site-packages/git/__init__.py", line 298, in <module>
    raise ImportError("Failed to initialize: {0}".format(_exc)) from _exc
ImportError: Failed to initialize: Cmd('git') failed due to: exit code(69)
  cmdline: git version
  stderr: 'You have not agreed to the Xcode license agreements. Please run 'sudo xcodebuild -license' from within a Terminal window to review and agree to the Xcode and Apple SDKs license.'
/bin/sh: /Users/kushagraverma/frappe/frappe-bench/env/bin/bench: No such file or directory
Traceback (most recent call last):
  File "/Users/kushagraverma/.local/pipx/venvs/frappe-bench/lib/python3.14/site-packages/git/__init__.py", line 296, in <module>
    refresh()
    ~~~~~~~^^
  File "/Users/kushagraverma/.local/pipx/venvs/frappe-bench/lib/python3.14/site-packages/git/__init__.py", line 287, in refresh
    if not Git.refresh(path=path):
           ~~~~~~~~~~~^^^^^^^^^^^
  File "/Users/kushagraverma/.local/pipx/venvs/frappe-bench/lib/python3.14/site-packages/git/cmd.py", line 788, in refresh
    cls().version()
    ~~~~~~~~~~~~~^^
  File "/Users/kushagraverma/.local/pipx/venvs/frappe-bench/lib/python3.14/site-packages/git/cmd.py", line 1003, in <lambda>
    return lambda *args, **kwargs: self._call_process(name, *args, **kwargs)
                                   ~~~~~~~~~~~~~~~~~~^^^^^^^^^^^^^^^^^^^^^^^
  File "/Users/kushagraverma/.local/pipx/venvs/frappe-bench/lib/python3.14/site-packages/git/cmd.py", line 1616, in _call_process
    return self.execute(call, **exec_kwargs)
           ~~~~~~~~~~~~^^^^^^^^^^^^^^^^^^^^^
  File "/Users/kushagraverma/.local/pipx/venvs/frappe-bench/lib/python3.14/site-packages/git/cmd.py", line 1406, in execute
    raise GitCommandError(redacted_command, status, stderr_value, stdout_value)
git.exc.GitCommandError: Cmd('git') failed due to: exit code(69)
  cmdline: git version
  stderr: 'You have not agreed to the Xcode license agreements. Please run 'sudo xcodebuild -license' from within a Terminal window to review and agree to the Xcode and Apple SDKs license.'

The above exception was the direct cause of the following exception:

Traceback (most recent call last):
  File "/Users/kushagraverma/.local/bin/bench", line 3, in <module>
    from bench.cli import cli
  File "/Users/kushagraverma/.local/pipx/venvs/frappe-bench/lib/python3.14/site-packages/bench/cli.py", line 14, in <module>
    from bench.bench import Bench
  File "/Users/kushagraverma/.local/pipx/venvs/frappe-bench/lib/python3.14/site-packages/bench/bench.py", line 37, in <module>
    from bench.utils.app import get_current_version
  File "/Users/kushagraverma/.local/pipx/venvs/frappe-bench/lib/python3.14/site-packages/bench/utils/app.py", line 12, in <module>
    from bench.app import get_repo_dir
  File "/Users/kushagraverma/.local/pipx/venvs/frappe-bench/lib/python3.14/site-packages/bench/app.py", line 21, in <module>
    import git
  File "/Users/kushagraverma/.local/pipx/venvs/frappe-bench/lib/python3.14/site-packages/git/__init__.py", line 298, in <module>
    raise ImportError("Failed to initialize: {0}".format(_exc)) from _exc
ImportError: Failed to initialize: Cmd('git') failed due to: exit code(69)
  cmdline: git version
  stderr: 'You have not agreed to the Xcode license agreements. Please run 'sudo xcodebuild -license' from within a Terminal window to review and agree to the Xcode and Apple SDKs license.'
/bin/sh: /Users/kushagraverma/frappe/frappe-bench/env/bin/bench: No such file or directory
Traceback (most recent call last):
  File "/Users/kushagraverma/.local/pipx/venvs/frappe-bench/lib/python3.14/site-packages/git/__init__.py", line 296, in <module>
    refresh()
    ~~~~~~~^^
  File "/Users/kushagraverma/.local/pipx/venvs/frappe-bench/lib/python3.14/site-packages/git/__init__.py", line 287, in refresh
    if not Git.refresh(path=path):
           ~~~~~~~~~~~^^^^^^^^^^^
  File "/Users/kushagraverma/.local/pipx/venvs/frappe-bench/lib/python3.14/site-packages/git/cmd.py", line 788, in refresh
    cls().version()
    ~~~~~~~~~~~~~^^
  File "/Users/kushagraverma/.local/pipx/venvs/frappe-bench/lib/python3.14/site-packages/git/cmd.py", line 1003, in <lambda>
    return lambda *args, **kwargs: self._call_process(name, *args, **kwargs)
                                   ~~~~~~~~~~~~~~~~~~^^^^^^^^^^^^^^^^^^^^^^^
  File "/Users/kushagraverma/.local/pipx/venvs/frappe-bench/lib/python3.14/site-packages/git/cmd.py", line 1616, in _call_process
    return self.execute(call, **exec_kwargs)
           ~~~~~~~~~~~~^^^^^^^^^^^^^^^^^^^^^
  File "/Users/kushagraverma/.local/pipx/venvs/frappe-bench/lib/python3.14/site-packages/git/cmd.py", line 1406, in execute
    raise GitCommandError(redacted_command, status, stderr_value, stdout_value)
git.exc.GitCommandError: Cmd('git') failed due to: exit code(69)
  cmdline: git version
  stderr: 'You have not agreed to the Xcode license agreements. Please run 'sudo xcodebuild -license' from within a Terminal window to review and agree to the Xcode and Apple SDKs license.'

The above exception was the direct cause of the following exception:

Traceback (most recent call last):
  File "/Users/kushagraverma/.local/bin/bench", line 3, in <module>
    from bench.cli import cli
  File "/Users/kushagraverma/.local/pipx/venvs/frappe-bench/lib/python3.14/site-packages/bench/cli.py", line 14, in <module>
    from bench.bench import Bench
  File "/Users/kushagraverma/.local/pipx/venvs/frappe-bench/lib/python3.14/site-packages/bench/bench.py", line 37, in <module>
    from bench.utils.app import get_current_version
  File "/Users/kushagraverma/.local/pipx/venvs/frappe-bench/lib/python3.14/site-packages/bench/utils/app.py", line 12, in <module>
    from bench.app import get_repo_dir
  File "/Users/kushagraverma/.local/pipx/venvs/frappe-bench/lib/python3.14/site-packages/bench/app.py", line 21, in <module>
    import git
  File "/Users/kushagraverma/.local/pipx/venvs/frappe-bench/lib/python3.14/site-packages/git/__init__.py", line 298, in <module>
    raise ImportError("Failed to initialize: {0}".format(_exc)) from _exc
ImportError: Failed to initialize: Cmd('git') failed due to: exit code(69)
  cmdline: git version
  stderr: 'You have not agreed to the Xcode license agreements. Please run 'sudo xcodebuild -license' from within a Terminal window to review and agree to the Xcode and Apple SDKs license.'
/bin/sh: /Users/kushagraverma/frappe/frappe-bench/env/bin/bench: No such file or directory
Traceback (most recent call last):
  File "/Users/kushagraverma/.local/pipx/venvs/frappe-bench/lib/python3.14/site-packages/git/__init__.py", line 296, in <module>
    refresh()
    ~~~~~~~^^
  File "/Users/kushagraverma/.local/pipx/venvs/frappe-bench/lib/python3.14/site-packages/git/__init__.py", line 287, in refresh
    if not Git.refresh(path=path):
           ~~~~~~~~~~~^^^^^^^^^^^
  File "/Users/kushagraverma/.local/pipx/venvs/frappe-bench/lib/python3.14/site-packages/git/cmd.py", line 788, in refresh
    cls().version()
    ~~~~~~~~~~~~~^^
  File "/Users/kushagraverma/.local/pipx/venvs/frappe-bench/lib/python3.14/site-packages/git/cmd.py", line 1003, in <lambda>
    return lambda *args, **kwargs: self._call_process(name, *args, **kwargs)
                                   ~~~~~~~~~~~~~~~~~~^^^^^^^^^^^^^^^^^^^^^^^
  File "/Users/kushagraverma/.local/pipx/venvs/frappe-bench/lib/python3.14/site-packages/git/cmd.py", line 1616, in _call_process
    return self.execute(call, **exec_kwargs)
           ~~~~~~~~~~~~^^^^^^^^^^^^^^^^^^^^^
  File "/Users/kushagraverma/.local/pipx/venvs/frappe-bench/lib/python3.14/site-packages/git/cmd.py", line 1406, in execute
    raise GitCommandError(redacted_command, status, stderr_value, stdout_value)
git.exc.GitCommandError: Cmd('git') failed due to: exit code(69)
  cmdline: git version
  stderr: 'You have not agreed to the Xcode license agreements. Please run 'sudo xcodebuild -license' from within a Terminal window to review and agree to the Xcode and Apple SDKs license.'

The above exception was the direct cause of the following exception:

Traceback (most recent call last):
  File "/Users/kushagraverma/.local/bin/bench", line 3, in <module>
    from bench.cli import cli
  File "/Users/kushagraverma/.local/pipx/venvs/frappe-bench/lib/python3.14/site-packages/bench/cli.py", line 14, in <module>
    from bench.bench import Bench
  File "/Users/kushagraverma/.local/pipx/venvs/frappe-bench/lib/python3.14/site-packages/bench/bench.py", line 37, in <module>
    from bench.utils.app import get_current_version
  File "/Users/kushagraverma/.local/pipx/venvs/frappe-bench/lib/python3.14/site-packages/bench/utils/app.py", line 12, in <module>
    from bench.app import get_repo_dir
  File "/Users/kushagraverma/.local/pipx/venvs/frappe-bench/lib/python3.14/site-packages/bench/app.py", line 21, in <module>
    import git
  File "/Users/kushagraverma/.local/pipx/venvs/frappe-bench/lib/python3.14/site-packages/git/__init__.py", line 298, in <module>
    raise ImportError("Failed to initialize: {0}".format(_exc)) from _exc
ImportError: Failed to initialize: Cmd('git') failed due to: exit code(69)
  cmdline: git version
  stderr: 'You have not agreed to the Xcode license agreements. Please run 'sudo xcodebuild -license' from within a Terminal window to review and agree to the Xcode and Apple SDKs license.'
/bin/sh: /Users/kushagraverma/frappe/frappe-bench/env/bin/bench: No such file or directory
Traceback (most recent call last):
  File "/Users/kushagraverma/.local/pipx/venvs/frappe-bench/lib/python3.14/site-packages/git/__init__.py", line 296, in <module>
    refresh()
    ~~~~~~~^^
  File "/Users/kushagraverma/.local/pipx/venvs/frappe-bench/lib/python3.14/site-packages/git/__init__.py", line 287, in refresh
    if not Git.refresh(path=path):
           ~~~~~~~~~~~^^^^^^^^^^^
  File "/Users/kushagraverma/.local/pipx/venvs/frappe-bench/lib/python3.14/site-packages/git/cmd.py", line 788, in refresh
    cls().version()
    ~~~~~~~~~~~~~^^
  File "/Users/kushagraverma/.local/pipx/venvs/frappe-bench/lib/python3.14/site-packages/git/cmd.py", line 1003, in <lambda>
    return lambda *args, **kwargs: self._call_process(name, *args, **kwargs)
                                   ~~~~~~~~~~~~~~~~~~^^^^^^^^^^^^^^^^^^^^^^^
  File "/Users/kushagraverma/.local/pipx/venvs/frappe-bench/lib/python3.14/site-packages/git/cmd.py", line 1616, in _call_process
    return self.execute(call, **exec_kwargs)
           ~~~~~~~~~~~~^^^^^^^^^^^^^^^^^^^^^
  File "/Users/kushagraverma/.local/pipx/venvs/frappe-bench/lib/python3.14/site-packages/git/cmd.py", line 1406, in execute
    raise GitCommandError(redacted_command, status, stderr_value, stdout_value)
git.exc.GitCommandError: Cmd('git') failed due to: exit code(69)
  cmdline: git version
  stderr: 'You have not agreed to the Xcode license agreements. Please run 'sudo xcodebuild -license' from within a Terminal window to review and agree to the Xcode and Apple SDKs license.'

The above exception was the direct cause of the following exception:

Traceback (most recent call last):
  File "/Users/kushagraverma/.local/bin/bench", line 3, in <module>
    from bench.cli import cli
  File "/Users/kushagraverma/.local/pipx/venvs/frappe-bench/lib/python3.14/site-packages/bench/cli.py", line 14, in <module>
    from bench.bench import Bench
  File "/Users/kushagraverma/.local/pipx/venvs/frappe-bench/lib/python3.14/site-packages/bench/bench.py", line 37, in <module>
    from bench.utils.app import get_current_version
  File "/Users/kushagraverma/.local/pipx/venvs/frappe-bench/lib/python3.14/site-packages/bench/utils/app.py", line 12, in <module>
    from bench.app import get_repo_dir
  File "/Users/kushagraverma/.local/pipx/venvs/frappe-bench/lib/python3.14/site-packages/bench/app.py", line 21, in <module>
    import git
  File "/Users/kushagraverma/.local/pipx/venvs/frappe-bench/lib/python3.14/site-packages/git/__init__.py", line 298, in <module>
    raise ImportError("Failed to initialize: {0}".format(_exc)) from _exc
ImportError: Failed to initialize: Cmd('git') failed due to: exit code(69)
  cmdline: git version
  stderr: 'You have not agreed to the Xcode license agreements. Please run 'sudo xcodebuild -license' from within a Terminal window to review and agree to the Xcode and Apple SDKs license.'
/bin/sh: /Users/kushagraverma/frappe/frappe-bench/env/bin/bench: No such file or directory
Traceback (most recent call last):
  File "/Users/kushagraverma/.local/pipx/venvs/frappe-bench/lib/python3.14/site-packages/git/__init__.py", line 296, in <module>
    refresh()
    ~~~~~~~^^
  File "/Users/kushagraverma/.local/pipx/venvs/frappe-bench/lib/python3.14/site-packages/git/__init__.py", line 287, in refresh
    if not Git.refresh(path=path):
           ~~~~~~~~~~~^^^^^^^^^^^
  File "/Users/kushagraverma/.local/pipx/venvs/frappe-bench/lib/python3.14/site-packages/git/cmd.py", line 788, in refresh
    cls().version()
    ~~~~~~~~~~~~~^^
  File "/Users/kushagraverma/.local/pipx/venvs/frappe-bench/lib/python3.14/site-packages/git/cmd.py", line 1003, in <lambda>
    return lambda *args, **kwargs: self._call_process(name, *args, **kwargs)
                                   ~~~~~~~~~~~~~~~~~~^^^^^^^^^^^^^^^^^^^^^^^
  File "/Users/kushagraverma/.local/pipx/venvs/frappe-bench/lib/python3.14/site-packages/git/cmd.py", line 1616, in _call_process
    return self.execute(call, **exec_kwargs)
           ~~~~~~~~~~~~^^^^^^^^^^^^^^^^^^^^^
  File "/Users/kushagraverma/.local/pipx/venvs/frappe-bench/lib/python3.14/site-packages/git/cmd.py", line 1406, in execute
    raise GitCommandError(redacted_command, status, stderr_value, stdout_value)
git.exc.GitCommandError: Cmd('git') failed due to: exit code(69)
  cmdline: git version
  stderr: 'You have not agreed to the Xcode license agreements. Please run 'sudo xcodebuild -license' from within a Terminal window to review and agree to the Xcode and Apple SDKs license.'

The above exception was the direct cause of the following exception:

Traceback (most recent call last):
  File "/Users/kushagraverma/.local/bin/bench", line 3, in <module>
    from bench.cli import cli
  File "/Users/kushagraverma/.local/pipx/venvs/frappe-bench/lib/python3.14/site-packages/bench/cli.py", line 14, in <module>
    from bench.bench import Bench
  File "/Users/kushagraverma/.local/pipx/venvs/frappe-bench/lib/python3.14/site-packages/bench/bench.py", line 37, in <module>
    from bench.utils.app import get_current_version
  File "/Users/kushagraverma/.local/pipx/venvs/frappe-bench/lib/python3.14/site-packages/bench/utils/app.py", line 12, in <module>
    from bench.app import get_repo_dir
  File "/Users/kushagraverma/.local/pipx/venvs/frappe-bench/lib/python3.14/site-packages/bench/app.py", line 21, in <module>
    import git
  File "/Users/kushagraverma/.local/pipx/venvs/frappe-bench/lib/python3.14/site-packages/git/__init__.py", line 298, in <module>
    raise ImportError("Failed to initialize: {0}".format(_exc)) from _exc
ImportError: Failed to initialize: Cmd('git') failed due to: exit code(69)
  cmdline: git version
  stderr: 'You have not agreed to the Xcode license agreements. Please run 'sudo xcodebuild -license' from within a Terminal window to review and agree to the Xcode and Apple SDKs license.'
/bin/sh: /Users/kushagraverma/frappe/frappe-bench/env/bin/bench: No such file or directory
Traceback (most recent call last):
  File "/Users/kushagraverma/.local/pipx/venvs/frappe-bench/lib/python3.14/site-packages/git/__init__.py", line 296, in <module>
    refresh()
    ~~~~~~~^^
  File "/Users/kushagraverma/.local/pipx/venvs/frappe-bench/lib/python3.14/site-packages/git/__init__.py", line 287, in refresh
    if not Git.refresh(path=path):
           ~~~~~~~~~~~^^^^^^^^^^^
  File "/Users/kushagraverma/.local/pipx/venvs/frappe-bench/lib/python3.14/site-packages/git/cmd.py", line 788, in refresh
    cls().version()
    ~~~~~~~~~~~~~^^
  File "/Users/kushagraverma/.local/pipx/venvs/frappe-bench/lib/python3.14/site-packages/git/cmd.py", line 1003, in <lambda>
    return lambda *args, **kwargs: self._call_process(name, *args, **kwargs)
                                   ~~~~~~~~~~~~~~~~~~^^^^^^^^^^^^^^^^^^^^^^^
  File "/Users/kushagraverma/.local/pipx/venvs/frappe-bench/lib/python3.14/site-packages/git/cmd.py", line 1616, in _call_process
    return self.execute(call, **exec_kwargs)
           ~~~~~~~~~~~~^^^^^^^^^^^^^^^^^^^^^
  File "/Users/kushagraverma/.local/pipx/venvs/frappe-bench/lib/python3.14/site-packages/git/cmd.py", line 1406, in execute
    raise GitCommandError(redacted_command, status, stderr_value, stdout_value)
git.exc.GitCommandError: Cmd('git') failed due to: exit code(69)
  cmdline: git version
  stderr: 'You have not agreed to the Xcode license agreements. Please run 'sudo xcodebuild -license' from within a Terminal window to review and agree to the Xcode and Apple SDKs license.'

The above exception was the direct cause of the following exception:

Traceback (most recent call last):
  File "/Users/kushagraverma/.local/bin/bench", line 3, in <module>
    from bench.cli import cli
  File "/Users/kushagraverma/.local/pipx/venvs/frappe-bench/lib/python3.14/site-packages/bench/cli.py", line 14, in <module>
    from bench.bench import Bench
  File "/Users/kushagraverma/.local/pipx/venvs/frappe-bench/lib/python3.14/site-packages/bench/bench.py", line 37, in <module>
    from bench.utils.app import get_current_version
  File "/Users/kushagraverma/.local/pipx/venvs/frappe-bench/lib/python3.14/site-packages/bench/utils/app.py", line 12, in <module>
    from bench.app import get_repo_dir
  File "/Users/kushagraverma/.local/pipx/venvs/frappe-bench/lib/python3.14/site-packages/bench/app.py", line 21, in <module>
    import git
  File "/Users/kushagraverma/.local/pipx/venvs/frappe-bench/lib/python3.14/site-packages/git/__init__.py", line 298, in <module>
    raise ImportError("Failed to initialize: {0}".format(_exc)) from _exc
ImportError: Failed to initialize: Cmd('git') failed due to: exit code(69)
  cmdline: git version
  stderr: 'You have not agreed to the Xcode license agreements. Please run 'sudo xcodebuild -license' from within a Terminal window to review and agree to the Xcode and Apple SDKs license.'
/bin/sh: /Users/kushagraverma/frappe/frappe-bench/env/bin/bench: No such file or directory
Traceback (most recent call last):
  File "/Users/kushagraverma/.local/pipx/venvs/frappe-bench/lib/python3.14/site-packages/git/__init__.py", line 296, in <module>
    refresh()
    ~~~~~~~^^
  File "/Users/kushagraverma/.local/pipx/venvs/frappe-bench/lib/python3.14/site-packages/git/__init__.py", line 287, in refresh
    if not Git.refresh(path=path):
           ~~~~~~~~~~~^^^^^^^^^^^
  File "/Users/kushagraverma/.local/pipx/venvs/frappe-bench/lib/python3.14/site-packages/git/cmd.py", line 788, in refresh
    cls().version()
    ~~~~~~~~~~~~~^^
  File "/Users/kushagraverma/.local/pipx/venvs/frappe-bench/lib/python3.14/site-packages/git/cmd.py", line 1003, in <lambda>
    return lambda *args, **kwargs: self._call_process(name, *args, **kwargs)
                                   ~~~~~~~~~~~~~~~~~~^^^^^^^^^^^^^^^^^^^^^^^
  File "/Users/kushagraverma/.local/pipx/venvs/frappe-bench/lib/python3.14/site-packages/git/cmd.py", line 1616, in _call_process
    return self.execute(call, **exec_kwargs)
           ~~~~~~~~~~~~^^^^^^^^^^^^^^^^^^^^^
  File "/Users/kushagraverma/.local/pipx/venvs/frappe-bench/lib/python3.14/site-packages/git/cmd.py", line 1406, in execute
    raise GitCommandError(redacted_command, status, stderr_value, stdout_value)
git.exc.GitCommandError: Cmd('git') failed due to: exit code(69)
  cmdline: git version
  stderr: 'You have not agreed to the Xcode license agreements. Please run 'sudo xcodebuild -license' from within a Terminal window to review and agree to the Xcode and Apple SDKs license.'

The above exception was the direct cause of the following exception:

Traceback (most recent call last):
  File "/Users/kushagraverma/.local/bin/bench", line 3, in <module>
    from bench.cli import cli
  File "/Users/kushagraverma/.local/pipx/venvs/frappe-bench/lib/python3.14/site-packages/bench/cli.py", line 14, in <module>
    from bench.bench import Bench
  File "/Users/kushagraverma/.local/pipx/venvs/frappe-bench/lib/python3.14/site-packages/bench/bench.py", line 37, in <module>
    from bench.utils.app import get_current_version
  File "/Users/kushagraverma/.local/pipx/venvs/frappe-bench/lib/python3.14/site-packages/bench/utils/app.py", line 12, in <module>
    from bench.app import get_repo_dir
  File "/Users/kushagraverma/.local/pipx/venvs/frappe-bench/lib/python3.14/site-packages/bench/app.py", line 21, in <module>
    import git
  File "/Users/kushagraverma/.local/pipx/venvs/frappe-bench/lib/python3.14/site-packages/git/__init__.py", line 298, in <module>
    raise ImportError("Failed to initialize: {0}".format(_exc)) from _exc
ImportError: Failed to initialize: Cmd('git') failed due to: exit code(69)
  cmdline: git version
  stderr: 'You have not agreed to the Xcode license agreements. Please run 'sudo xcodebuild -license' from within a Terminal window to review and agree to the Xcode and Apple SDKs license.'
/bin/sh: /Users/kushagraverma/frappe/frappe-bench/env/bin/bench: No such file or directory
Traceback (most recent call last):
  File "/Users/kushagraverma/.local/pipx/venvs/frappe-bench/lib/python3.14/site-packages/git/__init__.py", line 296, in <module>
    refresh()
    ~~~~~~~^^
  File "/Users/kushagraverma/.local/pipx/venvs/frappe-bench/lib/python3.14/site-packages/git/__init__.py", line 287, in refresh
    if not Git.refresh(path=path):
           ~~~~~~~~~~~^^^^^^^^^^^
  File "/Users/kushagraverma/.local/pipx/venvs/frappe-bench/lib/python3.14/site-packages/git/cmd.py", line 788, in refresh
    cls().version()
    ~~~~~~~~~~~~~^^
  File "/Users/kushagraverma/.local/pipx/venvs/frappe-bench/lib/python3.14/site-packages/git/cmd.py", line 1003, in <lambda>
    return lambda *args, **kwargs: self._call_process(name, *args, **kwargs)
                                   ~~~~~~~~~~~~~~~~~~^^^^^^^^^^^^^^^^^^^^^^^
  File "/Users/kushagraverma/.local/pipx/venvs/frappe-bench/lib/python3.14/site-packages/git/cmd.py", line 1616, in _call_process
    return self.execute(call, **exec_kwargs)
           ~~~~~~~~~~~~^^^^^^^^^^^^^^^^^^^^^
  File "/Users/kushagraverma/.local/pipx/venvs/frappe-bench/lib/python3.14/site-packages/git/cmd.py", line 1406, in execute
    raise GitCommandError(redacted_command, status, stderr_value, stdout_value)
git.exc.GitCommandError: Cmd('git') failed due to: exit code(69)
  cmdline: git version
  stderr: 'You have not agreed to the Xcode license agreements. Please run 'sudo xcodebuild -license' from within a Terminal window to review and agree to the Xcode and Apple SDKs license.'

The above exception was the direct cause of the following exception:

Traceback (most recent call last):
  File "/Users/kushagraverma/.local/bin/bench", line 3, in <module>
    from bench.cli import cli
  File "/Users/kushagraverma/.local/pipx/venvs/frappe-bench/lib/python3.14/site-packages/bench/cli.py", line 14, in <module>
    from bench.bench import Bench
  File "/Users/kushagraverma/.local/pipx/venvs/frappe-bench/lib/python3.14/site-packages/bench/bench.py", line 37, in <module>
    from bench.utils.app import get_current_version
  File "/Users/kushagraverma/.local/pipx/venvs/frappe-bench/lib/python3.14/site-packages/bench/utils/app.py", line 12, in <module>
    from bench.app import get_repo_dir
  File "/Users/kushagraverma/.local/pipx/venvs/frappe-bench/lib/python3.14/site-packages/bench/app.py", line 21, in <module>
    import git
  File "/Users/kushagraverma/.local/pipx/venvs/frappe-bench/lib/python3.14/site-packages/git/__init__.py", line 298, in <module>
    raise ImportError("Failed to initialize: {0}".format(_exc)) from _exc
ImportError: Failed to initialize: Cmd('git') failed due to: exit code(69)
  cmdline: git version
  stderr: 'You have not agreed to the Xcode license agreements. Please run 'sudo xcodebuild -license' from within a Terminal window to review and agree to the Xcode and Apple SDKs license.'
/bin/sh: /Users/kushagraverma/frappe/frappe-bench/env/bin/bench: No such file or directory
Traceback (most recent call last):
  File "/Users/kushagraverma/.local/pipx/venvs/frappe-bench/lib/python3.14/site-packages/git/__init__.py", line 296, in <module>
    refresh()
    ~~~~~~~^^
  File "/Users/kushagraverma/.local/pipx/venvs/frappe-bench/lib/python3.14/site-packages/git/__init__.py", line 287, in refresh
    if not Git.refresh(path=path):
           ~~~~~~~~~~~^^^^^^^^^^^
  File "/Users/kushagraverma/.local/pipx/venvs/frappe-bench/lib/python3.14/site-packages/git/cmd.py", line 788, in refresh
    cls().version()
    ~~~~~~~~~~~~~^^
  File "/Users/kushagraverma/.local/pipx/venvs/frappe-bench/lib/python3.14/site-packages/git/cmd.py", line 1003, in <lambda>
    return lambda *args, **kwargs: self._call_process(name, *args, **kwargs)
                                   ~~~~~~~~~~~~~~~~~~^^^^^^^^^^^^^^^^^^^^^^^
  File "/Users/kushagraverma/.local/pipx/venvs/frappe-bench/lib/python3.14/site-packages/git/cmd.py", line 1616, in _call_process
    return self.execute(call, **exec_kwargs)
           ~~~~~~~~~~~~^^^^^^^^^^^^^^^^^^^^^
  File "/Users/kushagraverma/.local/pipx/venvs/frappe-bench/lib/python3.14/site-packages/git/cmd.py", line 1406, in execute
    raise GitCommandError(redacted_command, status, stderr_value, stdout_value)
git.exc.GitCommandError: Cmd('git') failed due to: exit code(69)
  cmdline: git version
  stderr: 'You have not agreed to the Xcode license agreements. Please run 'sudo xcodebuild -license' from within a Terminal window to review and agree to the Xcode and Apple SDKs license.'

The above exception was the direct cause of the following exception:

Traceback (most recent call last):
  File "/Users/kushagraverma/.local/bin/bench", line 3, in <module>
    from bench.cli import cli
  File "/Users/kushagraverma/.local/pipx/venvs/frappe-bench/lib/python3.14/site-packages/bench/cli.py", line 14, in <module>
    from bench.bench import Bench
  File "/Users/kushagraverma/.local/pipx/venvs/frappe-bench/lib/python3.14/site-packages/bench/bench.py", line 37, in <module>
    from bench.utils.app import get_current_version
  File "/Users/kushagraverma/.local/pipx/venvs/frappe-bench/lib/python3.14/site-packages/bench/utils/app.py", line 12, in <module>
    from bench.app import get_repo_dir
  File "/Users/kushagraverma/.local/pipx/venvs/frappe-bench/lib/python3.14/site-packages/bench/app.py", line 21, in <module>
    import git
  File "/Users/kushagraverma/.local/pipx/venvs/frappe-bench/lib/python3.14/site-packages/git/__init__.py", line 298, in <module>
    raise ImportError("Failed to initialize: {0}".format(_exc)) from _exc
ImportError: Failed to initialize: Cmd('git') failed due to: exit code(69)
  cmdline: git version
  stderr: 'You have not agreed to the Xcode license agreements. Please run 'sudo xcodebuild -license' from within a Terminal window to review and agree to the Xcode and Apple SDKs license.'
